{"worldSize": 128, "R": 13.0, "T": 10.0, "numKernels": 1, "betaLen": [1], "beta0": [1.0], "beta1": [0.0], "beta2": [0.0], "mu": [0.11], "sigma": [0.012], "eta": [1.0], "relR": [1.0], "src": [0], "dst": [0], "init": {"type": "seed", "size": [21, 20, 1], "cells": [0.0, 0.0, 0.0, 0.0, 0.0, 0.0, 0.0, 0.0, 0.01568627450980392, 0.06274509803921569, 0.09411764705882353, 0.08235294117647059, 0.01568627450980392, 0.0, 0.0, 0.0, 0.0, 0.0, 0.0, 0.0, 0.0, 0.0, 0.0, 0.0, 0.0, 0.11764705882352941, 0.23921568627450981, 0.25882352941176473, 0.17254901960784313, 0.1843137254901961, 0.19607843137254902, 0.19607843137254902, 0.20392156862745098, 0.18823529411764706, 0.00784313725490196, 0.0, 0.0, 0.0, 0.0, 0.0, 0.0, 0.0, 0.0, 0.0, 0.03137254901960784, 0.3137254901960784, 0.4235294117647059, 0.3686274509803922, 0.21176470588235294, 0.17254901960784313, 0.13333333333333333, 0.09411764705882353, 0.10588235294117647, 0.16862745098039217, 0.23921568627450981, 0.4235294117647059, 0.0, 0.0, 0.0, 0.0, 0.0, 0.0, 0.0, 0.08235294117647059, 0.1843137254901961, 0.3568627450980392, 0.28627450980392155, 0.2, 0.13725490196078433, 0.06666666666666667, 0.00392156862745098, 0.0, 0.0, 0.0, 0.07450980392156863, 0.25098039215686274, 0.4627450980392157, 0.0, 0.0, 0.0, 0.0, 0.0, 0.10196078431372549, 0.19215686274509805, 0.20784313725490197, 0.19215686274509805, 0.16862745098039217, 0.12941176470588237, 0.14901960784313725, 0.0, 0.0, 0.0, 0.0, 0.0, 0.0, 0.011764705882352941, 0.45098039215686275, 0.0, 0.0, 0.0, 0.0, 0.0196078431372549, 0.1843137254901961, 0.19215686274509805, 0.12941176470588237, 0.06666666666666667, 0.10196078431372549, 0.27450980392156865, 0.33725490196078434, 0.23529411764705882, 0.0, 0.0, 0.0, 0.0, 0.0, 0.0, 0.0, 0.8117647058823529, 0.0, 0.0, 0.0, 0.12941176470588237, 0.2, 0.09411764705882353, 0.00784313725490196, 0.0, 0.0, 0.34509803921568627, 0.4588235294117647, 0.4588235294117647, 0.21176470588235294, 0.0, 0.0, 0.0, 0.0, 0.0, 0.0, 0.08235294117647059, 0.0, 0.0, 0.0, 0.18823529411764706, 0.16470588235294117, 0.0, 0.0, 0.0, 0.0, 0.396078431372549, 0.5725490196078431, 0.6078431372549019, 0.5607843137254902, 0.0, 0.0, 0.0, 0.0, 0.0, 0.0, 0.0, 0.6039215686274509, 0.0, 0.06274509803921569, 0.2196078431372549, 0.09803921568627451, 0.0, 0.0, 0.0, 0.0, 0.3607843137254902, 0.6431372549019608, 0.7137254901960784, 0.7098039215686275, 0.5176470588235295, 0.0, 0.0, 0.0, 0.0, 0.0, 0.0, 0.25882352941176473, 0.0, 0.01568627450980392, 0.2627450980392157, 0.058823529411764705, 0.0, 0.0, 0.0, 0.0, 0.0, 0.6745098039215687, 0.8, 0.8352941176470589, 0.788235294117647, 0.0, 0.0, 0.0, 0.0, 0.0, 0.0, 0.0, 0.14901960784313725, 0.0, 0.5019607843137255, 0.043137254901960784, 0.0, 0.0, 0.0, 0.0, 0.0, 0.6470588235294118, 0.8549019607843137, 0.9294117647058824, 0.9372549019607843, 0.49411764705882355, 0.0, 0.0, 0.0, 0.0, 0.0, 0.0, 0.23137254901960785, 0.0, 0.6705882352941176, 0.058823529411764705, 0.0, 0.0, 0.0, 0.0, 0.0, 0.047058823529411764, 0.8980392156862745, 1.0, 1.0, 0.9254901960784314, 0.0, 0.0, 0.0, 0.0, 0.0, 0.0, 0.21568627450980393, 0.0, 0.0, 0.14901960784313725, 0.0, 0.0, 0.0, 0.0, 0.0, 0.0, 0.5843137254901961, 1.0, 1.0, 1.0, 0.43137254901960786, 0.0, 0.0, 0.0, 0.0, 0.07450980392156863, 0.17647058823529413, 0.0, 0.0, 0.8352941176470589, 0.0, 0.0, 0.0, 0.0, 0.0, 0.0, 0.011764705882352941, 0.9137254901960784, 1.0, 1.0, 0.7490196078431373, 0.22745098039215686, 0.0, 0.0, 0.0, 0.16862745098039217, 0.13725490196078433, 0.0, 0.0, 0.03137254901960784, 0.0, 0.0, 0.0, 0.0, 0.0, 0.0, 0.0, 0.5529411764705883, 0.9254901960784314, 0.9254901960784314, 0.8274509803921568, 0.592156862745098, 0.30980392156862746, 0.17647058823529413, 0.19215686274509805, 0.20784313725490197, 0.07058823529411765, 0.0, 0.0, 0.0, 0.5176470588235295, 0.0, 0.0, 0.0, 0.0, 0.0, 0.0, 0.32941176470588235, 0.7686274509803922, 0.8156862745098039, 0.7607843137254902, 0.6627450980392157, 0.4980392156862745, 0.34901960784313724, 0.27058823529411763, 0.1607843137254902, 0.0, 0.0, 0.0, 0.0, 0.011764705882352941, 0.2627450980392157, 0.0, 0.0, 0.0, 0.0, 0.0, 0.2823529411764706, 0.6431372549019608, 0.6901960784313725, 0.6039215686274509, 0.5098039215686274, 0.41568627450980394, 0.3058823529411765, 0.1843137254901961, 0.07058823529411765, 0.0, 0.0, 0.0, 0.0, 0.0, 0.13333333333333333, 0.2, 0.0, 0.0, 0.0, 0.03529411764705882, 0.3215686274509804, 0.5254901960784314, 0.5098039215686274, 0.4, 0.30196078431372547, 0.23137254901960785, 0.15294117647058825, 0.07450980392156863, 0.0, 0.0, 0.0, 0.0, 0.0, 0.0, 0.0, 0.10588235294117647, 0.21568627450980393, 0.14901960784313725, 0.1450980392156863, 0.20784313725490197, 0.3254901960784314, 0.3764705882352941, 0.3176470588235294, 0.2196078431372549, 0.14901960784313725, 0.10980392156862745, 0.06274509803921569, 0.011764705882352941, 0.0, 0.0, 0.0, 0.0, 0.0, 0.0, 0.0, 0.0, 0.03137254901960784, 0.14901960784313725, 0.19215686274509805, 0.21568627450980393, 0.22745098039215686, 0.20784313725490197, 0.15294117647058825, 0.10980392156862745, 0.06274509803921569, 0.043137254901960784, 0.00392156862745098, 0.0, 0.0, 0.0, 0.0, 0.0, 0.0, 0.0, 0.0, 0.0, 0.0, 0.0, 0.0196078431372549, 0.06274509803921569, 0.07450980392156863, 0.06666666666666667, 0.054901960784313725, 0.03529411764705882, 0.011764705882352941, 0.0, 0.0, 0.0, 0.0, 0.0]}, "name": "Orbium unicaudatus ignis", "mono": true}