{"worldSize": 128, "R": 13.0, "T": 10.0, "numKernels": 1, "betaLen": [1], "beta0": [1.0], "beta1": [0.0], "beta2": [0.0], "mu": [0.29], "sigma": [0.0432], "eta": [1.0], "relR": [1.0], "src": [0], "dst": [0], "init": {"type": "seed", "size": [29, 29, 1], "cells": [0.0, 0.0, 0.0, 0.0, 0.0, 0.33725490196078434, 0.30980392156862746, 0.22745098039215686, 0.09803921568627451, 0.0, 0.0, 0.0, 0.0, 0.0, 0.0, 0.0, 0.0, 0.0, 0.0, 0.0, 0.0, 0.0, 0.0, 0.0, 0.0, 0.0, 0.0, 0.0, 0.0, 0.0, 0.0, 0.0, 0.0, 0.0, 0.047058823529411764, 0.6784313725490196, 0.6196078431372549, 0.48627450980392156, 0.34901960784313724, 0.0784313725490196, 0.0, 0.0, 0.0, 0.0, 0.0, 0.0, 0.0, 0.0, 0.0, 0.0, 0.0, 0.0, 0.0, 0.0, 0.0, 0.0, 0.0, 0.0, 0.0, 0.0, 0.0, 0.09803921568627451, 0.23921568627450981, 0.30980392156862746, 0.3568627450980392, 0.9490196078431372, 0.8588235294117647, 0.6862745098039216, 0.48627450980392156, 0.20784313725490197, 0.0, 0.0, 0.0, 0.0, 0.0, 0.0, 0.0, 0.0, 0.0, 0.0, 0.0, 0.0, 0.0, 0.0, 0.0, 0.0, 0.0, 0.0, 0.0, 0.09803921568627451, 0.28627450980392155, 0.3568627450980392, 0.3568627450980392, 0.3686274509803922, 0.5490196078431373, 1.0, 0.9764705882352941, 0.7764705882352941, 0.5372549019607843, 0.2, 0.0, 0.0, 0.0, 0.0, 0.0, 0.0, 0.0, 0.0, 0.0, 0.0, 0.0, 0.0, 0.0, 0.0, 0.0, 0.0, 0.0, 0.0, 0.23921568627450981, 0.3568627450980392, 0.30980392156862746, 0.22745098039215686, 0.20784313725490197, 0.24705882352941178, 0.807843137254902, 1.0, 1.0, 0.7764705882352941, 0.5176470588235295, 0.09803921568627451, 0.0, 0.0, 0.0, 0.0, 0.0, 0.0, 0.0, 0.0, 0.0, 0.0, 0.0, 0.0, 0.0, 0.0, 0.0, 0.33725490196078434, 0.047058823529411764, 0.30980392156862746, 0.3568627450980392, 0.22745098039215686, 0.12941176470588237, 0.09803921568627451, 0.10980392156862745, 0.3176470588235294, 1.0, 1.0, 1.0, 0.7372549019607844, 0.32941176470588235, 0.0, 0.0, 0.0, 0.0, 0.0, 0.0, 0.0, 0.0, 0.0, 0.0, 0.0, 0.0, 0.0, 0.0, 0.0, 0.30980392156862746, 0.6784313725490196, 0.3568627450980392, 0.3686274509803922, 0.20784313725490197, 0.09803921568627451, 0.047058823529411764, 0.047058823529411764, 0.11764705882352941, 0.7686274509803922, 1.0, 1.0, 1.0, 0.6470588235294118, 0.22745098039215686, 0.0, 0.0, 0.0, 0.0, 0.0, 0.0, 0.0, 0.0, 0.0, 0.0, 0.0, 0.0, 0.0, 0.0, 0.22745098039215686, 0.6196078431372549, 0.9490196078431372, 0.5490196078431373, 0.24705882352941178, 0.10980392156862745, 0.047058823529411764, 0.027450980392156862, 0.0784313725490196, 0.5098039215686274, 1.0, 1.0, 1.0, 1.0, 0.6274509803921569, 0.3176470588235294, 0.0, 0.0, 0.0, 0.0, 0.0, 0.0, 0.0, 0.0, 0.0, 0.0, 0.0, 0.0, 0.0, 0.09803921568627451, 0.48627450980392156, 0.8588235294117647, 1.0, 0.807843137254902, 0.3176470588235294, 0.11764705882352941, 0.0784313725490196, 0.16862745098039217, 0.4470588235294118, 0.9764705882352941, 1.0, 1.0, 1.0, 1.0, 0.8588235294117647, 0.47843137254901963, 0.0, 0.0, 0.0, 0.0, 0.0, 0.0, 0.0, 0.0, 0.0, 0.0, 0.0, 0.0, 0.0, 0.34901960784313724, 0.6862745098039216, 0.9764705882352941, 1.0, 1.0, 0.7686274509803922, 0.5098039215686274, 0.4470588235294118, 0.5294117647058824, 0.7294117647058823, 0.8196078431372549, 0.8980392156862745, 0.9764705882352941, 1.0, 1.0, 1.0, 0.6, 0.0, 0.0, 0.0, 0.0, 0.0, 0.0, 0.0, 0.0, 0.0, 0.0, 0.0, 0.0, 0.0784313725490196, 0.48627450980392156, 0.7764705882352941, 1.0, 1.0, 1.0, 1.0, 0.9764705882352941, 0.7294117647058823, 0.42745098039215684, 0.1568627450980392, 0.0, 0.0, 0.0, 0.3568627450980392, 0.9490196078431372, 1.0, 0.6392156862745098, 0.0, 0.0, 0.0, 0.0, 0.0, 0.0, 0.0, 0.0, 0.0, 0.0, 0.0, 0.0, 0.20784313725490197, 0.5372549019607843, 0.7764705882352941, 1.0, 1.0, 1.0, 1.0, 0.8196078431372549, 0.1568627450980392, 0.0, 0.0, 0.0, 0.0, 0.0, 0.0, 0.7686274509803922, 1.0, 0.6, 0.0, 0.0, 0.0, 0.0, 0.0, 0.0, 0.0, 0.0, 0.0, 0.0, 0.0, 0.0, 0.2, 0.5176470588235295, 0.7372549019607844, 1.0, 1.0, 1.0, 0.8980392156862745, 0.0, 0.0, 0.0, 0.0, 0.0, 0.0, 0.0, 0.0, 0.9490196078431372, 1.0, 0.47843137254901963, 0.0, 0.0, 0.0, 0.0, 0.0, 0.0, 0.0, 0.0, 0.0, 0.0, 0.0, 0.0, 0.09803921568627451, 0.32941176470588235, 0.6470588235294118, 1.0, 1.0, 0.9764705882352941, 0.0, 0.0, 0.0, 0.0, 0.0, 0.0, 0.0, 0.0, 0.3568627450980392, 1.0, 0.8588235294117647, 0.3176470588235294, 0.0, 0.0, 0.0, 0.0, 0.0, 0.0, 0.0, 0.0, 0.0, 0.0, 0.0, 0.0, 0.0, 0.22745098039215686, 0.6274509803921569, 1.0, 1.0, 0.0, 0.0, 0.0, 0.0, 0.0, 0.0, 0.0, 0.0, 0.0, 1.0, 1.0, 0.6274509803921569, 0.22745098039215686, 0.0, 0.0, 0.0, 0.0, 0.0, 0.0, 0.0, 0.0, 0.0, 0.0, 0.0, 0.0, 0.0, 0.3176470588235294, 0.8588235294117647, 1.0, 0.3568627450980392, 0.0, 0.0, 0.0, 0.0, 0.0, 0.0, 0.0, 0.0, 0.9764705882352941, 1.0, 1.0, 0.6470588235294118, 0.32941176470588235, 0.09803921568627451, 0.0, 0.0, 0.0, 0.0, 0.0, 0.0, 0.0, 0.0, 0.0, 0.0, 0.0, 0.0, 0.47843137254901963, 1.0, 0.9490196078431372, 0.0, 0.0, 0.0, 0.0, 0.0, 0.0, 0.0, 0.0, 0.8980392156862745, 1.0, 1.0, 1.0, 0.7372549019607844, 0.5176470588235295, 0.2, 0.0, 0.0, 0.0, 0.0, 0.0, 0.0, 0.0, 0.0, 0.0, 0.0, 0.0, 0.0, 0.6, 1.0, 0.7686274509803922, 0.0, 0.0, 0.0, 0.0, 0.0, 0.0, 0.1568627450980392, 0.8196078431372549, 1.0, 1.0, 1.0, 1.0, 0.7764705882352941, 0.5372549019607843, 0.20784313725490197, 0.0, 0.0, 0.0, 0.0, 0.0, 0.0, 0.0, 0.0, 0.0, 0.0, 0.0, 0.0, 0.6392156862745098, 1.0, 0.9490196078431372, 0.3568627450980392, 0.0, 0.0, 0.0, 0.1568627450980392, 0.42745098039215684, 0.7294117647058823, 0.9764705882352941, 1.0, 1.0, 1.0, 1.0, 0.7764705882352941, 0.48627450980392156, 0.0784313725490196, 0.0, 0.0, 0.0, 0.0, 0.0, 0.0, 0.0, 0.0, 0.0, 0.0, 0.0, 0.0, 0.6, 1.0, 1.0, 1.0, 0.9764705882352941, 0.8980392156862745, 0.8196078431372549, 0.7294117647058823, 0.5294117647058824, 0.4470588235294118, 0.5098039215686274, 0.7686274509803922, 1.0, 1.0, 0.9764705882352941, 0.6862745098039216, 0.34901960784313724, 0.0, 0.0, 0.0, 0.0, 0.0, 0.0, 0.0, 0.0, 0.0, 0.0, 0.0, 0.0, 0.0, 0.47843137254901963, 0.8588235294117647, 1.0, 1.0, 1.0, 1.0, 0.9764705882352941, 0.4470588235294118, 0.16862745098039217, 0.0784313725490196, 0.11764705882352941, 0.3176470588235294, 0.807843137254902, 1.0, 0.8588235294117647, 0.48627450980392156, 0.09803921568627451, 0.0, 0.0, 0.0, 0.0, 0.0, 0.0, 0.0, 0.0, 0.0, 0.0, 0.0, 0.0, 0.0, 0.3176470588235294, 0.6274509803921569, 1.0, 1.0, 1.0, 1.0, 0.5098039215686274, 0.0784313725490196, 0.027450980392156862, 0.047058823529411764, 0.10980392156862745, 0.24705882352941178, 0.5490196078431373, 0.9490196078431372, 0.6196078431372549, 0.22745098039215686, 0.0, 0.0, 0.0, 0.0, 0.0, 0.0, 0.0, 0.0, 0.0, 0.0, 0.0, 0.0, 0.0, 0.0, 0.22745098039215686, 0.6470588235294118, 1.0, 1.0, 1.0, 0.7686274509803922, 0.11764705882352941, 0.047058823529411764, 0.047058823529411764, 0.09803921568627451, 0.20784313725490197, 0.3686274509803922, 0.3568627450980392, 0.6784313725490196, 0.30980392156862746, 0.0, 0.0, 0.0, 0.0, 0.0, 0.0, 0.0, 0.0, 0.0, 0.0, 0.0, 0.0, 0.0, 0.0, 0.0, 0.32941176470588235, 0.7372549019607844, 1.0, 1.0, 1.0, 0.3176470588235294, 0.10980392156862745, 0.09803921568627451, 0.12941176470588237, 0.22745098039215686, 0.3568627450980392, 0.30980392156862746, 0.047058823529411764, 0.33725490196078434, 0.0, 0.0, 0.0, 0.0, 0.0, 0.0, 0.0, 0.0, 0.0, 0.0, 0.0, 0.0, 0.0, 0.0, 0.0, 0.09803921568627451, 0.5176470588235295, 0.7764705882352941, 1.0, 1.0, 0.807843137254902, 0.24705882352941178, 0.20784313725490197, 0.22745098039215686, 0.30980392156862746, 0.3568627450980392, 0.23921568627450981, 0.0, 0.0, 0.0, 0.0, 0.0, 0.0, 0.0, 0.0, 0.0, 0.0, 0.0, 0.0, 0.0, 0.0, 0.0, 0.0, 0.0, 0.0, 0.2, 0.5372549019607843, 0.7764705882352941, 0.9764705882352941, 1.0, 0.5490196078431373, 0.3686274509803922, 0.3568627450980392, 0.3568627450980392, 0.28627450980392155, 0.09803921568627451, 0.0, 0.0, 0.0, 0.0, 0.0, 0.0, 0.0, 0.0, 0.0, 0.0, 0.0, 0.0, 0.0, 0.0, 0.0, 0.0, 0.0, 0.0, 0.0, 0.20784313725490197, 0.48627450980392156, 0.6862745098039216, 0.8588235294117647, 0.9490196078431372, 0.3568627450980392, 0.30980392156862746, 0.23921568627450981, 0.09803921568627451, 0.0, 0.0, 0.0, 0.0, 0.0, 0.0, 0.0, 0.0, 0.0, 0.0, 0.0, 0.0, 0.0, 0.0, 0.0, 0.0, 0.0, 0.0, 0.0, 0.0, 