{"worldSize": 128, "R": 13.0, "T": 10.0, "numKernels": 1, "betaLen": [1], "beta0": [1.0], "beta1": [0.0], "beta2": [0.0], "mu": [0.283], "sigma": [0.0481], "eta": [1.0], "relR": [1.0], "src": [0], "dst": [0], "init": {"type": "seed", "size": [22, 22, 1], "cells": [0.0, 0.0, 0.0, 0.0, 0.0, 0.0, 0.0, 0.0, 0.058823529411764705, 0.09803921568627451, 0.09803921568627451, 0.0784313725490196, 0.043137254901960784, 0.00392156862745098, 0.0, 0.0, 0.0, 0.0, 0.0, 0.0, 0.0, 0.0, 0.0, 0.0, 0.0, 0.0, 0.0, 0.0, 0.0, 0.1411764705882353, 0.2627450980392157, 0.3333333333333333, 0.3568627450980392, 0.34509803921568627, 0.29411764705882354, 0.2196078431372549, 0.12156862745098039, 0.03137254901960784, 0.0, 0.0, 0.0, 0.0, 0.0, 0.0, 0.0, 0.0, 0.0, 0.0, 0.0, 0.0, 0.12941176470588237, 0.3411764705882353, 0.5019607843137255, 0.6078431372549019, 0.6627450980392157, 0.6705882352941176, 0.6352941176470588, 0.5529411764705883, 0.43529411764705883, 0.26666666666666666, 0.10196078431372549, 0.0, 0.0, 0.0, 0.0, 0.0, 0.0, 0.0, 0.0, 0.0, 0.0, 0.2823529411764706, 0.5450980392156862, 0.7490196078431373, 0.9019607843137255, 0.9647058823529412, 0.9882352941176471, 1.0, 1.0, 0.9215686274509803, 0.796078431372549, 0.611764705882353, 0.3803921568627451, 0.1450980392156863, 0.00392156862745098, 0.0, 0.0, 0.0, 0.0, 0.0, 0.0, 0.3215686274509804, 0.5882352941176471, 0.7411764705882353, 0.8549019607843137, 0.9411764705882353, 0.9921568627450981, 1.0, 1.0, 1.0, 1.0, 1.0, 1.0, 0.9215686274509803, 0.6980392156862745, 0.4117647058823529, 0.13333333333333333, 0.0, 0.0, 0.0, 0.0, 0.0, 0.24705882352941178, 0.5137254901960784, 0.7176470588235294, 0.8745098039215686, 0.9725490196078431, 1.0, 1.0, 1.0, 1.0, 1.0, 1.0, 1.0, 1.0, 1.0, 0.9137254901960784, 0.6784313725490196, 0.35294117647058826, 0.08235294117647059, 0.0, 0.0, 0.0, 0.10588235294117647, 0.41568627450980394, 0.6745098039215687, 0.8745098039215686, 0.9882352941176471, 1.0, 1.0, 0.8392156862745098, 0.6666666666666666, 0.6431372549019608, 0.6666666666666666, 0.7137254901960784, 0.792156862745098, 0.8784313725490196, 0.9529411764705882, 0.9568627450980393, 0.8392156862745098, 0.5647058823529412, 0.23137254901960785, 0.0196078431372549, 0.0, 0.0, 0.2823529411764706, 0.5843137254901961, 0.8313725490196079, 0.8549019607843137, 0.5725490196078431, 0.25882352941176473, 0.0, 0.0, 0.058823529411764705, 0.16470588235294117, 0.27058823529411763, 0.28627450980392155, 0.34509803921568627, 0.48627450980392156, 0.6901960784313725, 0.8549019607843137, 0.8823529411764706, 0.7058823529411765, 0.3764705882352941, 0.09019607843137255, 0.0, 0.10980392156862745, 0.4470588235294118, 0.20392156862745098, 0.3333333333333333, 0.3176470588235294, 0.12549019607843137, 0.0, 0.0, 0.0, 0.0, 0.0392156862745098, 0.14901960784313725, 0.23529411764705882, 0.22745098039215686, 0.2784313725490196, 0.4588235294117647, 0.7215686274509804, 0.8627450980392157, 0.7803921568627451, 0.49019607843137253, 0.16470588235294117, 0.00392156862745098, 0.1607843137254902, 0.0, 0.2196078431372549, 0.3254901960784314, 0.21568627450980393, 0.01568627450980392, 0.0, 0.0, 0.0, 0.0, 0.0, 0.09411764705882353, 0.20392156862745098, 0.25882352941176473, 0.26666666666666666, 0.3803921568627451, 0.6431372549019608, 0.8392156862745098, 0.8156862745098039, 0.5529411764705883, 0.2196078431372549, 0.0196078431372549, 0.0, 0.027450980392156862, 0.23921568627450981, 0.3058823529411765, 0.14901960784313725, 0.0, 0.0, 0.0, 0.0, 0.0, 0.0, 0.09411764705882353, 0.21176470588235294, 0.32941176470588235, 0.35294117647058826, 0.44313725490196076, 0.6745098039215687, 0.8627450980392157, 0.8431372549019608, 0.5882352941176471, 0.25098039215686274, 0.03529411764705882, 0.0, 0.03529411764705882, 0.24313725490196078, 0.29411764705882354, 0.15294117647058825, 0.0, 0.0, 0.0, 0.0, 0.0, 0.00392156862745098, 0.1450980392156863, 0.27058823529411763, 0.40784313725490196, 0.5254901960784314, 0.6352941176470588, 0.8156862745098039, 0.9254901960784314, 0.8588235294117647, 0.5882352941176471, 0.25098039215686274, 0.0392156862745098, 0.0, 0.0, 0.20392156862745098, 0.30980392156862746, 0.2196078431372549, 0.0392156862745098, 0.0, 0.0, 0.0, 0.0, 0.08627450980392157, 0.24313725490196078, 0.4, 0.5725490196078431, 0.788235294117647, 0.9490196078431372, 1.0, 1.0, 0.8509803921568627, 0.5529411764705883, 0.23137254901960785, 0.03529411764705882, 0.0, 0.0, 0.12941176470588237, 0.2901960784313726, 0.30980392156862746, 0.17254901960784313, 0.023529411764705882, 0.0, 0.0, 0.08235294117647059, 0.2784313725490196, 0.48627450980392156, 0.7019607843137254, 0.8941176470588236, 1.0, 1.0, 1.0, 1.0, 0.8, 0.49019607843137253, 0.18823529411764706, 0.023529411764705882, 0.0, 0.0, 0.011764705882352941, 0.21568627450980393, 0.3607843137254902, 0.37254901960784315, 0.2823529411764706, 0.5647058823529412, 0.6862745098039216, 0.8392156862745098, 0.9607843137254902, 1.0, 1.0, 1.0, 1.0, 1.0, 1.0, 0.9490196078431372, 0.7019607843137254, 0.396078431372549, 0.1411764705882353, 0.011764705882352941, 0.0, 0.0, 0.0, 0.09803921568627451, 0.34509803921568627, 0.9607843137254902, 1.0, 1.0, 1.0, 1.0, 1.0, 1.0, 1.0, 1.0, 1.0, 1.0, 1.0, 0.8, 0.5607843137254902, 0.29411764705882354, 0.09019607843137255, 0.0, 0.0, 0.0, 0.0, 0.0, 0.403921568627451, 0.8117647058823529, 0.9372549019607843, 0.9921568627450981, 1.0, 1.0, 1.0, 1.0, 1.0, 1.0, 1.0, 0.9490196078431372, 0.796078431372549, 0.615686274509804, 0.403921568627451, 0.19215686274509805, 0.0392156862745098, 0.0, 0.0, 0.0, 0.0, 0.0, 0.2980392156862745, 0.5137254901960784, 0.7019607843137254, 0.8235294117647058, 0.5215686274509804, 0.7647058823529411, 1.0, 1.0, 1.0, 1.0, 0.8627450980392157, 0.7215686274509804, 0.5764705882352941, 0.4196078431372549, 0.25098039215686274, 0.09803921568627451, 0.00392156862745098, 0.0, 0.0, 0.0, 0.0, 0.0, 0.0, 0.0, 0.0, 0.0, 0.0, 0.027450980392156862, 0.6666666666666666, 1.0, 0.9294117647058824, 0.7725490196078432, 0.6352941176470588, 0.4980392156862745, 0.36470588235294116, 0.23921568627450981, 0.11764705882352941, 0.0196078431372549, 0.0, 0.0, 0.0, 0.0, 0.0, 0.0, 0.0, 0.0, 0.0, 0.0, 0.0, 0.0, 0.29411764705882354, 0.5529411764705883, 0.6, 0.5215686274509804, 0.396078431372549, 0.27450980392156865, 0.17647058823529413, 0.09411764705882353, 0.0196078431372549, 0.0, 0.0, 0.0, 0.0, 0.0, 0.0, 0.0, 0.0, 0.0, 0.0, 0.0, 0.0, 0.0, 0.17254901960784313, 0.3058823529411765, 0.3137254901960784, 0.24313725490196078, 0.1607843137254902, 0.08627450980392157, 0.03529411764705882, 0.00392156862745098, 0.0, 0.0, 0.0, 0.0, 0.0, 0.0, 0.0, 0.0, 0.0, 0.0, 0.0, 0.0, 0.0, 0.0, 0.011764705882352941, 0.050980392156862744, 0.050980392156862744, 0.027450980392156862, 0.00784313725490196, 0.0, 0.0, 0.0, 0.0, 0.0, 0.0, 0.0]}, "name": "Gyropteron arcus", "mono": true}