{"worldSize": 128, "R": 13.0, "T": 320.0, "numKernels": 1, "betaLen": [1], "beta0": [1.0], "beta1": [0.0], "beta2": [0.0], "mu": [0.05], "sigma": [0.004], "eta": [1.0], "relR": [1.0], "src": [0], "dst": [0], "init": {"type": "seed", "size": [19, 19, 1], "cells": [0.0, 0.0, 0.0, 0.0, 0.0, 0.0, 0.0, 0.0, 0.0, 0.0, 0.0, 0.043137254901960784, 0.0, 0.0, 0.0, 0.0, 0.0, 0.0, 0.0, 0.0, 0.0, 0.0, 0.0, 0.0, 0.03529411764705882, 0.0, 0.0, 0.0, 0.0, 0.00392156862745098, 0.0, 0.1607843137254902, 0.0, 0.0, 0.0, 0.0, 0.0, 0.0, 0.0, 0.0, 0.0, 0.0, 0.0, 0.0392156862745098, 0.09411764705882353, 0.027450980392156862, 0.050980392156862744, 0.058823529411764705, 0.06274509803921569, 0.06666666666666667, 0.07058823529411765, 0.23921568627450981, 0.0, 0.0, 0.0, 0.0, 0.0, 0.0, 0.0, 0.027450980392156862, 0.00784313725490196, 0.0, 0.01568627450980392, 0.12549019607843137, 0.1411764705882353, 0.047058823529411764, 0.027450980392156862, 0.01568627450980392, 0.01568627450980392, 0.03137254901960784, 0.0784313725490196, 0.2823529411764706, 0.0, 0.0, 0.0, 0.0, 0.0, 0.0, 0.0, 0.09411764705882353, 0.043137254901960784, 0.058823529411764705, 0.058823529411764705, 0.10980392156862745, 0.054901960784313725, 0.0, 0.0, 0.0, 0.0, 0.0, 0.10980392156862745, 0.21176470588235294, 0.0, 0.0, 0.0, 0.0, 0.0, 0.0, 0.09411764705882353, 0.12549019607843137, 0.043137254901960784, 0.00784313725490196, 0.03137254901960784, 0.11764705882352941, 0.050980392156862744, 0.0, 0.0, 0.0, 0.0, 0.0, 0.15294117647058825, 0.08235294117647059, 0.0, 0.0, 0.0, 0.0, 0.01568627450980392, 0.054901960784313725, 0.11764705882352941, 0.06666666666666667, 0.0, 0.0196078431372549, 0.11764705882352941, 0.18823529411764706, 0.07450980392156863, 0.0, 0.0, 0.0, 0.0, 0.00784313725490196, 0.13725490196078433, 0.00784313725490196, 0.0, 0.0, 0.0, 0.043137254901960784, 0.050980392156862744, 0.00784313725490196, 0.10980392156862745, 0.10588235294117647, 0.06274509803921569, 0.09803921568627451, 0.20392156862745098, 0.25098039215686274, 0.09803921568627451, 0.0, 0.0, 0.0, 0.0, 0.08235294117647059, 0.06274509803921569, 0.0, 0.0, 0.00784313725490196, 0.054901960784313725, 0.023529411764705882, 0.0, 0.058823529411764705, 0.19607843137254902, 0.14901960784313725, 0.11764705882352941, 0.1803921568627451, 0.2980392156862745, 0.30980392156862746, 0.12156862745098039, 0.0, 0.0, 0.0, 0.050980392156862744, 0.07450980392156863, 0.0, 0.050980392156862744, 0.0196078431372549, 0.058823529411764705, 0.00784313725490196, 0.0, 0.0, 0.1843137254901961, 0.24313725490196078, 0.1843137254901961, 0.18823529411764706, 0.26666666666666666, 0.3764705882352941, 0.32941176470588235, 0.13333333333333333, 0.01568627450980392, 0.011764705882352941, 0.050980392156862744, 0.07058823529411765, 0.00784313725490196, 0.12941176470588237, 0.058823529411764705, 0.058823529411764705, 0.0, 0.0, 0.0, 0.058823529411764705, 0.27450980392156865, 0.28627450980392155, 0.23529411764705882, 0.2235294117647059, 0.2823529411764706, 0.34901960784313724, 0.27058823529411763, 0.12549019607843137, 0.06274509803921569, 0.06666666666666667, 0.07058823529411765, 0.00784313725490196, 0.0, 0.25098039215686274, 0.06666666666666667, 0.0, 0.0, 0.0, 0.0, 0.1843137254901961, 0.3568627450980392, 0.3137254901960784, 0.2, 0.1843137254901961, 0.24705882352941178, 0.2784313725490196, 0.19607843137254902, 0.11372549019607843, 0.08235294117647059, 0.06274509803921569, 0.00392156862745098, 0.0, 0.0, 0.2627450980392157, 0.0, 0.0, 0.0, 0.0, 0.043137254901960784, 0.2901960784313726, 0.3607843137254902, 0.23529411764705882, 0.17254901960784313, 0.19215686274509805, 0.22745098039215686, 0.2, 0.13333333333333333, 0.09019607843137255, 0.047058823529411764, 0.0, 0.0, 0.0, 0.1843137254901961, 0.11764705882352941, 0.0, 0.0, 0.0, 0.0, 0.13725490196078433, 0.30196078431372547, 0.2784313725490196, 0.20784313725490197, 0.18823529411764706, 0.18823529411764706, 0.16862745098039217, 0.11764705882352941, 0.07450980392156863, 0.023529411764705882, 0.0, 0.0, 0.0, 0.0, 0.21176470588235294, 0.03529411764705882, 0.0, 0.0, 0.0, 0.0392156862745098, 0.17647058823529413, 0.24313725490196078, 0.2196078431372549, 0.1843137254901961, 0.1607843137254902, 0.12549019607843137, 0.08627450980392157, 0.043137254901960784, 0.00392156862745098, 0.0, 0.0, 0.0, 0.0, 0.0, 0.15294117647058825, 0.043137254901960784, 0.0, 0.0, 0.027450980392156862, 0.09803921568627451, 0.16470588235294117, 0.17647058823529413, 0.15294117647058825, 0.11764705882352941, 0.08627450980392157, 0.047058823529411764, 0.011764705882352941, 0.0, 0.0, 0.0, 0.0, 0.0, 0.0, 0.01568627450980392, 0.10588235294117647, 0.0784313725490196, 0.054901960784313725, 0.058823529411764705, 0.08627450980392157, 0.11372549019607843, 0.11764705882352941, 0.09803921568627451, 0.07058823529411765, 0.043137254901960784, 0.011764705882352941, 0.0, 0.0, 0.0, 0.0, 0.0, 0.0, 0.0, 0.0, 0.00392156862745098, 0.050980392156862744, 0.07058823529411765, 0.07450980392156863, 0.0784313725490196, 0.07450980392156863, 0.06274509803921569, 0.047058823529411764, 0.023529411764705882, 0.00784313725490196, 0.0, 0.0, 0.0, 0.0, 0.0, 0.0, 0.0, 0.0, 0.0, 0.0, 0.0, 0.0, 0.011764705882352941, 0.01568627450980392, 0.01568627450980392, 0.00784313725490196, 0.00392156862745098, 0.0, 0.0, 0.0, 0.0, 0.0, 0.0]}, "name": "Orbium virtualis", "mono": true}