{"worldSize": 128, "R": 13.0, "T": 10.0, "numKernels": 1, "betaLen": [1], "beta0": [1.0], "beta1": [0.0], "beta2": [0.0], "mu": [0.29], "sigma": [0.045], "eta": [1.0], "relR": [1.0], "src": [0], "dst": [0], "init": {"type": "seed", "size": [20, 18, 1], "cells": [0.0, 0.0, 0.0, 0.0, 0.0, 0.12156862745098039, 0.06666666666666667, 0.0, 0.0, 0.0, 0.0, 0.0, 0.0, 0.0, 0.0, 0.0, 0.0, 0.0, 0.0, 0.0, 0.0, 0.0, 0.0, 0.0, 0.4588235294117647, 0.39215686274509803, 0.25882352941176473, 0.07058823529411765, 0.0, 0.0, 0.0, 0.0, 0.0, 0.0, 0.0, 0.0, 0.0, 0.0, 0.0, 0.0, 0.08627450980392157, 0.18823529411764706, 0.3215686274509804, 0.796078431372549, 0.7137254901960784, 0.5647058823529412, 0.37254901960784315, 0.0, 0.0, 0.0, 0.0, 0.0, 0.0, 0.0, 0.0, 0.0, 0.00392156862745098, 0.1803921568627451, 0.30980392156862746, 0.37254901960784315, 0.4117647058823529, 0.796078431372549, 1.0, 0.9568627450980393, 0.8313725490196079, 0.6196078431372549, 0.058823529411764705, 0.0, 0.0, 0.0, 0.0, 0.0, 0.0, 0.0, 0.19215686274509805, 0.3411764705882353, 0.3176470588235294, 0.2235294117647059, 0.1568627450980392, 0.17254901960784313, 0.8784313725490196, 1.0, 1.0, 0.9764705882352941, 0.7019607843137254, 0.21568627450980393, 0.0, 0.0, 0.0, 0.0, 0.3686274509803922, 0.12941176470588237, 0.33725490196078434, 0.3215686274509804, 0.12549019607843137, 0.0, 0.0, 0.0, 0.0, 0.9098039215686274, 1.0, 1.0, 1.0, 0.6823529411764706, 0.2784313725490196, 0.00392156862745098, 0.0, 0.0, 0.4196078431372549, 0.7137254901960784, 0.4196078431372549, 0.20784313725490197, 0.0, 0.0, 0.0, 0.0, 0.0, 0.12941176470588237, 1.0, 1.0, 1.0, 1.0, 0.596078431372549, 0.25098039215686274, 0.011764705882352941, 0.0, 0.43137254901960786, 0.8549019607843137, 0.615686274509804, 0.10980392156862745, 0.0, 0.0, 0.0, 0.0, 0.0, 0.0392156862745098, 0.6196078431372549, 1.0, 1.0, 1.0, 0.8470588235294118, 0.4588235294117647, 0.14901960784313725, 0.0, 0.403921568627451, 0.8705882352941177, 1.0, 0.0784313725490196, 0.0, 0.0, 0.0, 0.0, 0.0, 0.10588235294117647, 0.5058823529411764, 0.9647058823529412, 1.0, 1.0, 1.0, 0.6078431372549019, 0.27058823529411763, 0.03137254901960784, 0.34509803921568627, 0.8470588235294118, 1.0, 0.9254901960784314, 0.0, 0.0, 0.0, 0.0, 0.0, 0.23137254901960785, 0.5450980392156862, 0.9215686274509803, 1.0, 1.0, 1.0, 0.6941176470588235, 0.34901960784313724, 0.0784313725490196, 0.1607843137254902, 0.796078431372549, 1.0, 1.0, 0.5607843137254902, 0.09411764705882353, 0.0392156862745098, 0.09411764705882353, 0.2196078431372549, 0.403921568627451, 0.6549019607843137, 0.9372549019607843, 1.0, 1.0, 1.0, 0.7215686274509804, 0.3803921568627451, 0.10588235294117647, 0.0, 0.7254901960784313, 1.0, 1.0, 1.0, 0.6509803921568628, 0.4235294117647059, 0.403921568627451, 0.47058823529411764, 0.615686274509804, 0.8117647058823529, 0.984313725490196, 1.0, 1.0, 1.0, 0.6901960784313725, 0.3686274509803922, 0.10588235294117647, 0.0, 0.3254901960784314, 0.984313725490196, 1.0, 1.0, 1.0, 0.8666666666666667, 0.7607843137254902, 0.7647058823529411, 0.8470588235294118, 0.9607843137254902, 1.0, 1.0, 1.0, 0.9137254901960784, 0.615686274509804, 0.3215686274509804, 0.08235294117647059, 0.0, 0.09019607843137255, 0.6705882352941176, 1.0, 1.0, 1.0, 1.0, 1.0, 0.9921568627450981, 1.0, 1.0, 1.0, 1.0, 1.0, 0.7764705882352941, 0.5098039215686274, 0.24705882352941178, 0.047058823529411764, 0.0, 0.0, 0.3686274509803922, 0.8117647058823529, 1.0, 1.0, 1.0, 1.0, 1.0, 1.0, 1.0, 1.0, 1.0, 0.8431372549019608, 0.615686274509804, 0.3803921568627451, 0.15294117647058825, 0.011764705882352941, 0.0, 0.0, 0.1411764705882353, 0.47843137254901963, 0.796078431372549, 1.0, 1.0, 1.0, 1.0, 1.0, 1.0, 0.9803921568627451, 0.8196078431372549, 0.6431372549019608, 0.44313725490196076, 0.23529411764705882, 0.06274509803921569, 0.0, 0.0, 0.0, 0.0, 0.2196078431372549, 0.4666666666666667, 0.6784313725490196, 0.8352941176470589, 0.9254901960784314, 0.9529411764705882, 0.9176470588235294, 0.8431372549019608, 0.7294117647058823, 0.592156862745098, 0.43137254901960786, 0.2627450980392157, 0.09803921568627451, 0.0, 0.0, 0.0, 0.0, 0.0, 0.03137254901960784, 0.19607843137254902, 0.36470588235294116, 0.5019607843137255, 0.592156862745098, 0.6274509803921569, 0.611764705882353, 0.5568627450980392, 0.47058823529411764, 0.3568627450980392, 0.2235294117647059, 0.09411764705882353, 0.00784313725490196, 0.0, 0.0, 0.0, 0.0, 0.0, 0.0, 0.01568627450980392, 0.10980392156862745, 0.20784313725490197, 0.2784313725490196, 0.3176470588235294, 0.3176470588235294, 0.2784313725490196, 0.21568627450980393, 0.13333333333333333, 0.054901960784313725, 0.0, 0.0, 0.0, 0.0, 0.0, 0.0, 0.0, 0.0, 0.0, 0.0, 0.0196078431372549, 0.054901960784313725, 0.0784313725490196, 0.08235294117647059, 0.06274509803921569, 0.03137254901960784, 0.00392156862745098, 0.0, 0.0, 0.0, 0.0, 0.0]}, "name": "Scutium solidus", "mono": true}