{"worldSize": 128, "R": 13.0, "T": 40.0, "numKernels": 1, "betaLen": [1], "beta0": [1.0], "beta1": [0.0], "beta2": [0.0], "mu": [0.13], "sigma": [0.009], "eta": [1.0], "relR": [1.0], "src": [0], "dst": [0], "init": {"type": "seed", "size": [17, 18, 1], "cells": [0.0, 0.0, 0.0, 0.0, 0.0, 0.0, 0.0, 0.13333333333333333, 0.058823529411764705, 0.07450980392156863, 0.07058823529411765, 0.047058823529411764, 0.047058823529411764, 0.6627450980392157, 0.0, 0.0, 0.0, 0.0, 0.0, 0.0, 0.0, 0.13333333333333333, 0.22745098039215686, 0.00392156862745098, 0.0784313725490196, 0.3137254901960784, 0.13725490196078433, 0.12941176470588237, 0.13333333333333333, 0.15294117647058825, 0.1607843137254902, 0.6784313725490196, 0.12549019607843137, 0.0, 0.0, 0.0, 0.0, 0.0, 0.0, 0.25098039215686274, 0.3607843137254902, 0.12549019607843137, 0.13725490196078433, 0.19215686274509805, 0.19607843137254902, 0.00392156862745098, 0.00392156862745098, 0.01568627450980392, 0.06274509803921569, 0.16470588235294117, 0.8627450980392157, 0.0, 0.0, 0.0, 0.0, 0.0, 0.0, 0.050980392156862744, 0.4235294117647059, 0.10980392156862745, 0.0196078431372549, 0.0, 0.2627450980392157, 0.1843137254901961, 0.0, 0.0, 0.0, 0.0, 0.30980392156862746, 0.6313725490196078, 0.0, 0.0, 0.0, 0.0, 0.03137254901960784, 0.1568627450980392, 0.26666666666666666, 0.10980392156862745, 0.0, 0.0, 0.3568627450980392, 0.4627450980392157, 0.18823529411764706, 0.0, 0.0, 0.0, 0.0, 0.39215686274509803, 0.2980392156862745, 0.0, 0.0, 0.0, 0.12156862745098039, 0.12549019607843137, 0.0, 0.25098039215686274, 0.2196078431372549, 0.09019607843137255, 0.24313725490196078, 0.6039215686274509, 0.615686274509804, 0.12156862745098039, 0.0, 0.0, 0.0, 0.0, 0.4196078431372549, 0.0, 0.0, 0.03137254901960784, 0.17647058823529413, 0.0196078431372549, 0.0, 0.23137254901960785, 0.49411764705882355, 0.2784313725490196, 0.16470588235294117, 0.4549019607843137, 0.796078431372549, 0.6549019607843137, 0.0, 0.0, 0.0, 0.0, 0.20392156862745098, 0.15294117647058825, 0.07058823529411765, 0.09803921568627451, 0.1450980392156863, 0.0, 0.0, 0.0, 0.5568627450980392, 0.5882352941176471, 0.30980392156862746, 0.4117647058823529, 0.7843137254901961, 0.9607843137254902, 0.47843137254901963, 0.0, 0.0, 0.0, 0.11372549019607843, 0.21568627450980393, 0.19607843137254902, 0.17647058823529413, 0.10196078431372549, 0.0, 0.0, 0.0, 0.37254901960784315, 0.8352941176470589, 0.6745098039215687, 0.4823529411764706, 0.6235294117647059, 1.0, 0.8862745098039215, 0.23137254901960785, 0.0, 0.0, 0.13333333333333333, 0.18823529411764706, 0.0, 0.6509803921568628, 0.11372549019607843, 0.0, 0.0, 0.0, 0.0, 0.9058823529411765, 1.0, 0.5176470588235295, 0.40784313725490196, 0.7019607843137254, 0.9058823529411765, 0.5176470588235295, 0.10980392156862745, 0.058823529411764705, 0.19607843137254902, 0.12941176470588237, 0.0, 0.0, 0.6352941176470588, 0.0, 0.0, 0.0, 0.0, 0.6588235294117647, 1.0, 0.6196078431372549, 0.3803921568627451, 0.4823529411764706, 0.6980392156862745, 0.6078431372549019, 0.30196078431372547, 0.21176470588235294, 0.22745098039215686, 0.047058823529411764, 0.0, 0.0, 0.5607843137254902, 0.23137254901960785, 0.0, 0.0, 0.0, 0.3803921568627451, 0.8705882352941177, 0.6745098039215687, 0.42745098039215684, 0.4117647058823529, 0.5411764705882353, 0.5568627450980392, 0.38823529411764707, 0.27058823529411763, 0.1607843137254902, 0.0, 0.0, 0.0, 0.0, 0.48627450980392156, 0.11372549019607843, 0.0, 0.0, 0.20392156862745098, 0.592156862745098, 0.6392156862745098, 0.48627450980392156, 0.4235294117647059, 0.4549019607843137, 0.44313725490196076, 0.3254901960784314, 0.19607843137254902, 0.050980392156862744, 0.0, 0.0, 0.0, 0.0, 0.07058823529411765, 0.35294117647058826, 0.16862745098039217, 0.09019607843137255, 0.18823529411764706, 0.4, 0.5254901960784314, 0.48627450980392156, 0.40784313725490196, 0.35294117647058826, 0.2784313725490196, 0.1803921568627451, 0.07450980392156863, 0.0, 0.0, 0.0, 0.0, 0.0, 0.0, 0.07450980392156863, 0.27058823529411763, 0.2627450980392157, 0.26666666666666666, 0.32941176470588235, 0.3764705882352941, 0.34901960784313724, 0.2784313725490196, 0.2, 0.13333333333333333, 0.06274509803921569, 0.00392156862745098, 0.0, 0.0, 0.0, 0.0, 0.0, 0.0, 0.0, 0.01568627450980392, 0.12549019607843137, 0.18823529411764706, 0.20784313725490197, 0.2, 0.16862745098039217, 0.12549019607843137, 0.0784313725490196, 0.03137254901960784, 0.0, 0.0, 0.0, 0.0, 0.0, 0.0, 0.0, 0.0, 0.0, 0.0, 0.0, 0.00392156862745098, 0.027450980392156862, 0.03529411764705882, 0.03137254901960784, 0.01568627450980392, 0.00392156862745098, 0.0, 0.0, 0.0, 0.0, 0.0]}, "name": "Orbium phantasma", "mono": true}