{"worldSize": 128, "R": 20.0, "T": 10.0, "numKernels": 1, "betaLen": [2], "beta0": [0.5], "beta1": [1.0], "beta2": [0.0], "mu": [0.24], "sigma": [0.035], "eta": [1.0], "relR": [1.0], "src": [0], "dst": [0], "init": {"type": "seed", "size": [34, 33, 1], "cells": [0.0, 0.0, 0.0, 0.0, 0.0, 0.0, 0.0, 0.0, 0.0, 0.0, 0.0, 0.0, 0.0, 0.0, 0.0, 0.0, 0.0, 0.0, 0.0, 0.0, 0.0, 0.0, 0.0, 0.00392156862745098, 0.0, 0.0, 0.0, 0.0, 0.0, 0.0, 0.0, 0.0, 0.0, 0.0, 0.0, 0.0, 0.0, 0.0, 0.0, 0.0, 0.0, 0.0, 0.0, 0.0, 0.0, 0.0, 0.0, 0.0, 0.0, 0.0, 0.0, 0.0, 0.0, 0.0, 0.0, 0.0, 0.0, 0.0, 0.0, 0.0, 0.0, 0.0, 0.0, 0.0, 0.0, 0.0, 0.0, 0.0, 0.0, 0.0, 0.0, 0.0, 0.0, 0.0, 0.0, 0.0, 0.0, 0.0, 0.0, 0.0, 0.0, 0.0, 0.0, 0.0, 0.0, 0.0, 0.0, 0.0, 0.0, 0.0, 0.0, 0.0, 0.0, 0.0, 0.0, 0.0, 0.0, 0.0, 0.0, 0.0, 0.0, 0.0, 0.0, 0.0, 0.0, 0.0, 0.0, 0.0, 0.0, 0.03137254901960784, 0.06274509803921569, 0.0784313725490196, 0.07450980392156863, 0.054901960784313725, 0.023529411764705882, 0.0, 0.0, 0.0, 0.0, 0.0, 0.0, 0.0, 0.0, 0.0, 0.0, 0.0, 0.0, 0.0, 0.0, 0.0, 0.0, 0.0, 0.0, 0.0, 0.0, 0.0, 0.0, 0.0, 0.0, 0.0, 0.01568627450980392, 0.08235294117647059, 0.1607843137254902, 0.21568627450980393, 0.24705882352941178, 0.23529411764705882, 0.19215686274509805, 0.11764705882352941, 0.043137254901960784, 0.0, 0.0, 0.0, 0.0, 0.0, 0.0, 0.0, 0.0, 0.0, 0.0, 0.0, 0.0, 0.0, 0.0, 0.0, 0.0, 0.0, 0.0, 0.0, 0.0, 0.0, 0.0, 0.0, 0.00392156862745098, 0.08235294117647059, 0.21176470588235294, 0.5686274509803921, 0.8588235294117647, 0.9450980392156862, 0.8274509803921568, 0.5058823529411764, 0.2627450980392157, 0.13333333333333333, 0.03137254901960784, 0.0, 0.0, 0.0, 0.0, 0.0, 0.0, 0.0, 0.0, 0.00784313725490196, 0.0, 0.0, 0.0, 0.0, 0.0, 0.0, 0.0, 0.0, 0.0, 0.0, 0.0, 0.0, 0.0, 0.03529411764705882, 0.39215686274509803, 1.0, 1.0, 1.0, 1.0, 1.0, 1.0, 0.6705882352941176, 0.22745098039215686, 0.09411764705882353, 0.01568627450980392, 0.0, 0.0, 0.0, 0.0, 0.0, 0.0, 0.00392156862745098, 0.0196078431372549, 0.023529411764705882, 0.0, 0.0, 0.0, 0.0, 0.0, 0.0, 0.0, 0.0, 0.0, 0.0, 0.0, 0.0, 0.23529411764705882, 0.984313725490196, 1.0, 1.0, 1.0, 1.0, 1.0, 1.0, 1.0, 0.29411764705882354, 0.1450980392156863, 0.06274509803921569, 0.01568627450980392, 0.0, 0.0, 0.0, 0.0, 0.00784313725490196, 0.023529411764705882, 0.054901960784313725, 0.06666666666666667, 0.043137254901960784, 0.0, 0.0, 0.0, 0.0, 0.0, 0.0, 0.0, 0.0, 0.0, 0.0, 0.01568627450980392, 0.5568627450980392, 1.0, 1.0, 1.0, 1.0, 1.0, 1.0, 1.0, 1.0, 0.4745098039215686, 0.1568627450980392, 0.10980392156862745, 0.0784313725490196, 0.06274509803921569, 0.054901960784313725, 0.058823529411764705, 0.06274509803921569, 0.07058823529411765, 0.08235294117647059, 0.10980392156862745, 0.12941176470588237, 0.10980392156862745, 0.0392156862745098, 0.0, 0.0, 0.0, 0.0, 0.0, 0.0, 0.0, 0.0, 0.0, 0.050980392156862744, 0.6392156862745098, 1.0, 1.0, 1.0, 1.0, 1.0, 1.0, 1.0, 1.0, 0.6666666666666666, 0.2823529411764706, 0.16470588235294117, 0.2196078431372549, 0.39215686274509803, 0.5843137254901961, 0.7098039215686275, 0.7019607843137254, 0.5411764705882353, 0.25882352941176473, 0.2, 0.20392156862745098, 0.18823529411764706, 0.11372549019607843, 0.01568627450980392, 0.0, 0.0, 0.0, 0.0, 0.0, 0.0, 0.0, 0.00392156862745098, 0.10588235294117647, 0.6980392156862745, 1.0, 1.0, 1.0, 1.0, 1.0, 1.0, 1.0, 1.0, 0.8862745098039215, 0.7568627450980392, 0.807843137254902, 0.9882352941176471, 1.0, 1.0, 1.0, 1.0, 1.0, 1.0, 0.6627450980392157, 0.29411764705882354, 0.2549019607843137, 0.1843137254901961, 0.07058823529411765, 0.0, 0.0, 0.0, 0.0, 0.0, 0.0, 0.0, 0.03137254901960784, 0.2, 0.8666666666666667, 1.0, 1.0, 1.0, 1.0, 1.0, 1.0, 1.0, 1.0, 1.0, 1.0, 1.0, 1.0, 1.0, 1.0, 1.0, 1.0, 1.0, 1.0, 1.0, 0.6627450980392157, 0.29411764705882354, 0.2196078431372549, 0.12156862745098039, 0.0196078431372549, 0.0, 0.0, 0.0, 0.0, 0.0, 0.00784313725490196, 0.07450980392156863, 0.45098039215686275, 1.0, 1.0, 1.0, 0.984313725490196, 0.9411764705882353, 0.9529411764705882, 0.984313725490196, 1.0, 1.0, 1.0, 1.0, 1.0, 1.0, 1.0, 1.0, 1.0, 1.0, 1.0, 1.0, 1.0, 1.0, 0.3058823529411765, 0.21176470588235294, 0.12941176470588237, 0.047058823529411764, 0.0, 0.0, 0.0, 0.0, 0.01568627450980392, 0.050980392156862744, 0.1607843137254902, 0.9921568627450981, 1.0, 1.0, 0.9098039215686274, 0.0, 0.0, 0.0392156862745098, 0.7019607843137254, 0.9254901960784314, 0.9490196078431372, 0.9607843137254902, 0.984313725490196, 1.0, 1.0, 1.0, 1.0, 0.9764705882352941, 0.9686274509803922, 0.9921568627450981, 1.0, 1.0, 1.0, 0.4196078431372549, 0.16862745098039217, 0.10196078431372549, 0.047058823529411764, 0.00392156862745098, 0.0, 0.01568627450980392, 0.050980392156862744, 0.0784313725490196, 0.1411764705882353, 0.7568627450980392, 1.0, 1.0, 0.6196078431372549, 0.0, 0.0, 0.0, 0.0, 0.058823529411764705, 0.3254901960784314, 0.8941176470588236, 0.8823529411764706, 0.8980392156862745, 0.9411764705882353, 0.9764705882352941, 0.9803921568627451, 0.9686274509803922, 0.9411764705882353, 0.9450980392156862, 0.984313725490196, 1.0, 1.0, 1.0, 0.41568627450980394, 0.11372549019607843, 0.058823529411764705, 0.027450980392156862, 0.00392156862745098, 0.01568627450980392, 0.08627450980392157, 0.14901960784313725, 0.28627450980392155, 0.7411764705882353, 1.0, 1.0, 0.9294117647058824, 0.0, 0.0, 0.0, 0.0, 0.0, 0.3176470588235294, 0.592156862745098, 0.6705882352941176, 0.8705882352941177, 0.9137254901960784, 0.9176470588235294, 0.9372549019607843, 0.9529411764705882, 0.9529411764705882, 0.9568627450980393, 0.9764705882352941, 1.0, 1.0, 1.0, 1.0, 0.2235294117647059, 0.058823529411764705, 0.0196078431372549, 0.00392156862745098, 0.0, 0.058823529411764705, 0.24313725490196078, 0.5647058823529412, 0.9294117647058824, 1.0, 1.0, 1.0, 0.33725490196078434, 0.0, 0.0, 0.0, 0.0, 0.49019607843137253, 0.8941176470588236, 1.0, 1.0, 1.0, 0.9803921568627451, 0.9529411764705882, 0.9333333333333333, 0.9372549019607843, 0.9647058823529412, 0.9882352941176471, 1.0, 1.0, 1.0, 1.0, 0.8901960784313725, 0.10196078431372549, 0.01568627450980392, 0.0, 0.0, 0.0, 0.10196078431372549, 0.5529411764705883, 1.0, 1.0, 1.0, 1.0, 0.7411764705882353, 0.16862745098039217, 0.0, 0.0, 0.20392156862745098, 0.7019607843137254, 1.0, 0.8352941176470589, 0.5254901960784314, 0.5607843137254902, 0.8901960784313725, 1.0, 0.9803921568627451, 0.9372549019607843, 0.9294117647058824, 0.9725490196078431, 1.0, 1.0, 1.0, 1.0, 1.0, 0.3686274509803922, 0.0392156862745098, 0.0, 0.0, 0.0, 0.0, 0.10588235294117647, 0.7333333333333333, 1.0, 1.0, 1.0, 0.9686274509803922, 0.40784313725490196, 0.07450980392156863, 0.03529411764705882, 0.28627450980392155, 0.7725490196078432, 1.0, 0.7647058823529411, 0.10196078431372549, 0.03137254901960784, 0.0392156862745098, 0.3254901960784314, 0.984313725490196, 1.0, 0.9333333333333333, 0.9137254901960784, 0.9764705882352941, 1.0, 1.0, 1.0, 1.0, 0.6235294117647059, 0.09803921568627451, 0.00784313725490196, 0.0, 0.0, 0.0, 0.0, 0.06666666666666667, 0.7098039215686275, 1.0, 1.0, 1.0, 0.6431372549019608, 0.09019607843137255, 0.0, 0.0, 0.4117647058823529, 1.0, 1.0, 0.396078431372549, 0.03137254901960784, 0.0, 0.0, 0.09019607843137255, 0.8901960784313725, 0.9803921568627451, 0.9215686274509803, 0.8941176470588236, 0.9803921568627451, 1.0, 1.0, 1.0, 0.6784313725490196, 0.17254901960784313, 0.054901960784313725, 0.0, 0.0, 0.0, 0.0, 0.0, 0.01568627450980392, 0.4666666666666667, 1.0, 1.0, 1.0, 0.3607843137254902, 0.0, 0.0, 0.0, 0.2, 0.996078431372549, 1.0, 0.6862745098039216, 0.043137254901960784, 0.00784313725490196, 0.027450980392156862, 0.30196078431372547, 0.9647058823529412, 0.8392156862745098, 0.7529411764705882, 0.9019607843137255, 0.9921568627450981, 1.0, 1.0, 0.7647058823529411, 0.2196078431372549, 0.12941176470588237, 0.043137254901960784, 0.0, 0.0, 0.0, 0.0, 0.0, 0.0, 0.054901960784313725, 0.8745098039215686, 1.0, 1.0, 0.2235294117647059, 0.0, 0.0, 0.0, 0.0, 0.6588235294117647, 1.0, 1.0, 0.4470588235294118, 0.10588235294117647, 0.38823529411764707, 0.8509803921568627, 0.9607843137254902, 0.5882352941176471, 