{"worldSize": 128, "R": 13.0, "T": 10.0, "numKernels": 1, "betaLen": [1], "beta0": [1.0], "beta1": [0.0], "beta2": [0.0], "mu": [0.283], "sigma": [0.0461], "eta": [1.0], "relR": [1.0], "src": [0], "dst": [0], "init": {"type": "seed", "size": [20, 21, 1], "cells": [0.0, 0.0, 0.0, 0.0, 0.047058823529411764, 0.29411764705882354, 0.33725490196078434, 0.35294117647058826, 0.34509803921568627, 0.3333333333333333, 0.08627450980392157, 0.011764705882352941, 0.0392156862745098, 0.043137254901960784, 0.01568627450980392, 0.0, 0.0, 0.0, 0.0, 0.0, 0.0, 0.0, 0.0, 0.0, 0.0, 0.0, 0.16862745098039217, 0.7176470588235294, 0.7647058823529411, 0.7803921568627451, 0.7725490196078432, 0.7607843137254902, 0.615686274509804, 0.4588235294117647, 0.38823529411764707, 0.30196078431372547, 0.2, 0.08235294117647059, 0.0, 0.0, 0.0, 0.0, 0.0, 0.0, 0.0, 0.0, 0.1411764705882353, 0.2784313725490196, 0.3843137254901961, 0.996078431372549, 1.0, 1.0, 0.9921568627450981, 0.9764705882352941, 0.9568627450980393, 0.7843137254901961, 0.6078431372549019, 0.4470588235294118, 0.2823529411764706, 0.11372549019607843, 0.0, 0.0, 0.0, 0.0, 0.0, 0.0, 0.15294117647058825, 0.2823529411764706, 0.3254901960784314, 0.2901960784313726, 0.23529411764705882, 0.6313725490196078, 1.0, 1.0, 1.0, 1.0, 1.0, 0.9490196078431372, 0.7058823529411765, 0.49411764705882355, 0.2823529411764706, 0.09411764705882353, 0.0, 0.0, 0.0, 0.0, 0.09019607843137255, 0.2627450980392157, 0.29411764705882354, 0.1803921568627451, 0.050980392156862744, 0.0, 0.0, 0.027450980392156862, 0.7490196078431373, 1.0, 1.0, 1.0, 1.0, 0.9725490196078431, 0.7019607843137254, 0.45098039215686275, 0.21568627450980393, 0.043137254901960784, 0.0, 0.0, 0.0, 0.1843137254901961, 0.30196078431372547, 0.21568627450980393, 0.03137254901960784, 0.0, 0.0, 0.0, 0.0, 0.06666666666666667, 0.5490196078431373, 1.0, 1.0, 1.0, 1.0, 0.8941176470588236, 0.6078431372549019, 0.3411764705882353, 0.11764705882352941, 0.0, 0.1803921568627451, 0.050980392156862744, 0.2549019607843137, 0.3176470588235294, 0.13725490196078433, 0.0, 0.0, 0.0, 0.0, 0.0, 0.0, 0.24705882352941178, 0.6274509803921569, 0.996078431372549, 1.0, 1.0, 1.0, 0.7411764705882353, 0.45098039215686275, 0.19215686274509805, 0.0196078431372549, 0.2235294117647059, 0.6, 0.32941176470588235, 0.34509803921568627, 0.10588235294117647, 0.0, 0.0, 0.0, 0.0, 0.0, 0.0, 0.1843137254901961, 0.44313725490196076, 0.792156862745098, 1.0, 1.0, 1.0, 0.8274509803921568, 0.5294117647058824, 0.24705882352941178, 0.047058823529411764, 0.09019607843137255, 0.5294117647058824, 0.8588235294117647, 0.8627450980392157, 0.13725490196078433, 0.0, 0.0, 0.0, 0.0, 0.0, 0.00392156862745098, 0.19215686274509805, 0.4, 0.6588235294117647, 0.9607843137254902, 1.0, 1.0, 0.8509803921568627, 0.5647058823529412, 0.27450980392156865, 0.058823529411764705, 0.0, 0.4, 0.788235294117647, 1.0, 1.0, 0.0, 0.0, 0.0, 0.0, 0.0, 0.10196078431372549, 0.24705882352941178, 0.4196078431372549, 0.6, 0.8745098039215686, 1.0, 1.0, 0.8313725490196079, 0.5607843137254902, 0.2784313725490196, 0.06274509803921569, 0.0, 0.21568627450980393, 0.6705882352941176, 0.9568627450980393, 1.0, 1.0, 0.21176470588235294, 0.0784313725490196, 0.09803921568627451, 0.15294117647058825, 0.23921568627450981, 0.3568627450980392, 0.4392156862745098, 0.5803921568627451, 0.8, 0.9568627450980393, 0.9333333333333333, 0.7686274509803922, 0.5254901960784314, 0.25098039215686274, 0.050980392156862744, 0.0, 0.0, 0.5294117647058824, 0.8666666666666667, 1.0, 1.0, 1.0, 0.5843137254901961, 0.4117647058823529, 0.396078431372549, 0.43529411764705883, 0.5019607843137255, 0.5411764705882353, 0.6588235294117647, 0.8156862745098039, 0.9019607843137255, 0.8549019607843137, 0.6901960784313725, 0.4549019607843137, 0.20392156862745098, 0.027450980392156862, 0.0, 0.0, 0.07450980392156863, 0.6784313725490196, 0.9686274509803922, 1.0, 1.0, 1.0, 0.9333333333333333, 0.7803921568627451, 0.7372549019607844, 0.7607843137254902, 0.7607843137254902, 0.8196078431372549, 0.8745098039215686, 0.8666666666666667, 0.7686274509803922, 0.592156862745098, 0.3607843137254902, 0.13333333333333333, 0.00392156862745098, 0.0, 0.0, 0.0, 0.32941176470588235, 0.7803921568627451, 1.0, 1.0, 1.0, 1.0, 1.0, 1.0, 1.0, 1.0, 0.9490196078431372, 0.8980392156862745, 0.8117647058823529, 0.6705882352941176, 0.47058823529411764, 0.24705882352941178, 0.06274509803921569, 0.0, 0.0, 0.0, 0.0, 0.17647058823529413, 0.4980392156862745, 0.8156862745098039, 1.0, 1.0, 1.0, 1.0, 1.0, 1.0, 1.0, 0.9529411764705882, 0.8352941176470589, 0.6980392156862745, 0.5294117647058824, 0.3254901960784314, 0.13333333333333333, 0.011764705882352941, 0.0, 0.0, 0.0, 0.0, 0.03137254901960784, 0.29411764705882354, 0.5333333333333333, 0.7490196078431373, 0.9294117647058824, 1.0, 1.0, 1.0, 1.0, 0.9411764705882353, 0.8196078431372549, 0.6784313725490196, 0.5294117647058824, 0.34901960784313724, 0.16862745098039217, 0.03137254901960784, 0.0, 0.0, 0.0, 0.0, 0.0, 0.0, 0.12156862745098039, 0.30980392156862746, 0.4745098039215686, 0.615686274509804, 0.7215686274509804, 0.792156862745098, 0.807843137254902, 0.7764705882352941, 0.7019607843137254, 0.592156862745098, 0.4588235294117647, 0.3137254901960784, 0.1607843137254902, 0.043137254901960784, 0.0, 0.0, 0.0, 0.0, 0.0, 0.0, 0.0, 0.0, 0.10588235294117647, 0.23137254901960785, 0.3411764705882353, 0.4235294117647059, 0.47843137254901963, 0.49411764705882355, 0.4745098039215686, 0.41568627450980394, 0.32941176470588235, 0.2196078431372549, 0.11372549019607843, 0.027450980392156862, 0.0, 0.0, 0.0, 0.0, 0.0, 0.0, 0.0, 0.0, 0.0, 0.0, 0.03529411764705882, 0.10196078431372549, 0.16470588235294117, 0.20392156862745098, 0.21176470588235294, 0.2, 0.1607843137254902, 0.10588235294117647, 0.047058823529411764, 0.00392156862745098, 0.0, 0.0, 0.0, 0.0, 0.0, 0.0, 0.0, 0.0, 0.0, 0.0, 0.0, 0.0, 0.0, 0.00784313725490196, 0.023529411764705882, 0.027450980392156862, 0.023529411764705882, 0.011764705882352941, 0.0, 0.0, 0.0, 0.0, 0.0, 0.0, 0.0, 0.0]}, "name": "Scutium valvatus", "mono": true}