{"worldSize": 128, "R": 13.0, "T": 10.0, "numKernels": 1, "betaLen": [1], "beta0": [1.0], "beta1": [0.0], "beta2": [0.0], "mu": [0.133], "sigma": [0.0177], "eta": [1.0], "relR": [1.0], "src": [0], "dst": [0], "init": {"type": "seed", "size": [20, 25, 1], "cells": [0.0, 0.0, 0.0, 0.0, 0.0, 0.0, 0.0, 0.0, 0.0, 0.0, 0.0, 0.0, 0.0, 0.0, 0.0, 0.0, 0.0, 0.0, 0.0, 0.0, 0.0, 0.0, 0.0, 0.0, 0.0, 0.0, 0.0, 0.0, 0.0, 0.0, 0.0, 0.0, 0.0, 0.0, 0.0, 0.0, 0.12941176470588237, 0.24705882352941178, 0.1450980392156863, 0.07450980392156863, 0.03137254901960784, 0.011764705882352941, 0.011764705882352941, 0.0196078431372549, 0.0196078431372549, 0.0, 0.0, 0.0, 0.0, 0.0, 0.0, 0.0, 0.0, 0.0, 0.0, 0.0, 0.0, 0.0, 0.2549019607843137, 0.4823529411764706, 0.6666666666666666, 0.7333333333333333, 0.8156862745098039, 0.9607843137254902, 0.9607843137254902, 0.4117647058823529, 0.2627450980392157, 0.1843137254901961, 0.16862745098039217, 0.15294117647058825, 0.08627450980392157, 0.00784313725490196, 0.0, 0.0, 0.0, 0.0, 0.0, 0.0, 0.0, 0.0, 0.0, 0.0, 0.0392156862745098, 0.21568627450980393, 0.28627450980392155, 0.18823529411764706, 0.12156862745098039, 0.1411764705882353, 0.38823529411764707, 0.8392156862745098, 1.0, 0.6078431372549019, 0.41568627450980394, 0.4, 0.38823529411764707, 0.32941176470588235, 0.2, 0.00392156862745098, 0.0, 0.0, 0.0, 0.0, 0.0, 0.0, 0.0, 0.0, 0.0, 0.12941176470588237, 0.23529411764705882, 0.06274509803921569, 0.0, 0.0, 0.0196078431372549, 0.08627450980392157, 0.3803921568627451, 0.984313725490196, 1.0, 0.5254901960784314, 0.5058823529411764, 0.47843137254901963, 0.4666666666666667, 0.4196078431372549, 0.21176470588235294, 0.0, 0.0, 0.0, 0.0, 0.0, 0.0, 0.0, 0.0, 0.0, 0.20392156862745098, 0.07450980392156863, 0.0, 0.0, 0.0, 0.0, 0.011764705882352941, 0.20784313725490197, 0.7333333333333333, 1.0, 0.7294117647058823, 0.4627450980392157, 0.3686274509803922, 0.2901960784313726, 0.3411764705882353, 0.3843137254901961, 0.08235294117647059, 0.0, 0.0, 0.0, 0.0, 0.0, 0.0, 0.0, 0.06274509803921569, 0.17254901960784313, 0.0, 0.0, 0.0, 0.0, 0.0, 0.0, 0.1803921568627451, 0.6627450980392157, 1.0, 0.9803921568627451, 0.33725490196078434, 0.12549019607843137, 0.0, 0.027450980392156862, 0.26666666666666666, 0.30980392156862746, 0.0, 0.027450980392156862, 0.0, 0.0, 0.0, 0.0, 0.0, 0.08627450980392157, 0.13725490196078433, 0.0, 0.0, 0.0, 0.0, 0.0, 0.0, 0.1568627450980392, 0.6078431372549019, 1.0, 0.7098039215686275, 0.19607843137254902, 0.0, 0.0, 0.0, 0.0, 0.32941176470588235, 0.023529411764705882, 0.0, 0.0, 0.0, 0.0, 0.0, 0.0, 0.08627450980392157, 0.09019607843137255, 0.0, 0.0, 0.0, 0.0, 0.0, 0.0, 0.14901960784313725, 0.8745098039215686, 0.9333333333333333, 0.4588235294117647, 0.12549019607843137, 0.0, 0.0, 0.0, 0.0, 0.21176470588235294, 0.11764705882352941, 0.0, 0.0, 0.0, 0.0, 0.0, 0.14901960784313725, 0.2549019607843137, 0.21568627450980393, 0.0, 0.01568627450980392, 0.07058823529411765, 0.09411764705882353, 0.10196078431372549, 0.34901960784313724, 0.6235294117647059, 0.807843137254902, 0.8823529411764706, 0.34509803921568627, 0.10980392156862745, 0.0, 0.0, 0.0, 0.0, 0.13333333333333333, 0.17647058823529413, 0.0, 0.0, 0.0, 0.0, 0.16470588235294117, 0.4980392156862745, 0.396078431372549, 0.22745098039215686, 0.0, 0.03137254901960784, 0.07058823529411765, 0.17254901960784313, 0.34901960784313724, 0.5019607843137255, 0.6078431372549019, 0.7490196078431373, 0.7529411764705882, 0.2901960784313726, 0.11372549019607843, 0.0, 0.0, 0.0, 0.0, 0.13333333333333333, 0.17254901960784313, 0.0, 0.0, 0.0, 0.0, 0.15294117647058825, 0.37254901960784315, 0.15294117647058825, 0.11372549019607843, 0.0, 0.0, 0.0, 0.0, 0.0, 0.058823529411764705, 0.43137254901960786, 0.7647058823529411, 0.7215686274509804, 0.3254901960784314, 0.1411764705882353, 0.0, 0.0, 0.0, 0.0, 0.21568627450980393, 0.10588235294117647, 0.0, 0.0, 0.01568627450980392, 0.07058823529411765, 0.1450980392156863, 0.19607843137254902, 0.0392156862745098, 0.1568627450980392, 0.0, 0.0, 0.0, 0.0, 0.0, 0.0, 0.3333333333333333, 0.7725490196078432, 0.7529411764705882, 0.41568627450980394, 0.2, 0.0, 0.0, 0.0, 0.0, 0.3411764705882353, 0.011764705882352941, 0.0, 0.0, 0.0, 0.1568627450980392, 0.1843137254901961, 0.054901960784313725, 0.0, 0.16470588235294117, 0.0, 0.0, 0.0, 0.0, 0.0, 0.0, 0.13333333333333333, 0.7607843137254902, 0.7764705882352941, 0.5098039215686274, 0.3137254901960784, 0.09411764705882353, 0.0, 0.00392156862745098, 0.28627450980392155, 0.2901960784313726, 0.0, 0.0, 0.0, 0.0, 0.12156862745098039, 0.2823529411764706, 0.050980392156862744, 0.0, 0.16862745098039217, 0.06274509803921569, 0.0, 0.0, 0.0, 0.0, 0.0, 0.054901960784313725, 0.7176470588235294, 0.7176470588235294, 0.5607843137254902, 0.4470588235294118, 0.3176470588235294, 0.25098039215686274, 0.33725490196078434, 0.403921568627451, 0.027450980392156862, 0.0, 0.0, 0.0, 0.0, 0.0, 0.32941176470588235, 0.26666666666666666, 0.0, 0.10196078431372549, 0.15294117647058825, 0.0, 0.0, 0.0, 0.0, 0.0, 0.23921568627450981, 0.6941176470588235, 0.6352941176470588, 0.5568627450980392, 0.5176470588235295, 0.48627450980392156, 0.4745098039215686, 0.4470588235294118, 0.14901960784313725, 0.0, 0.0, 0.0, 0.0, 0.0, 0.0, 0.0, 0.4745098039215686, 0.23921568627450981, 0.03137254901960784, 0.19215686274509805, 0.09803921568627451, 0.0, 0.0, 0.0, 0.00392156862745098, 0.5254901960784314, 0.6235294117647059, 0.5607843137254902, 0.5176470588235295, 0.48627450980392156, 0.4470588235294118, 0.3686274509803922, 0.13725490196078433, 0.0, 0.0, 0.0, 0.0, 0.0, 0.0, 0.0, 0.0, 0.0, 0.4745098039215686, 0.5529411764705883, 0.2549019607843137, 0.2235294117647059, 0.15294117647058825, 0.0784313725490196, 0.2823529411764706, 0.592156862745098, 0.6235294117647059, 0.5529411764705883, 0.4745098039215686, 0.3764705882352941, 0.29411764705882354, 0.1803921568627451, 0.0196078431372549, 0.0, 0.0, 0.0, 0.0, 0.0, 0.0, 0.0, 0.0, 0.0, 0.0, 0.0, 0.0, 0.48627450980392156, 0.8117647058823529, 0.9333333333333333, 0.9019607843137255, 0.7490196078431373, 0.5803921568627451, 0.4627450980392157, 0.3411764705882353, 0.20784313725490197, 0.09019607843137255, 0.0, 0.0, 0.0, 0.0, 0.0, 0.0, 0.0, 0.0, 0.0, 0.0, 0.0, 0.0, 0.0, 0.0, 0.0, 0.0, 0.0, 0.0, 0.0, 0.01568627450980392, 0.043137254901960784, 0.01568627450980392, 0.0, 0.0, 0.0, 0.0, 0.0, 0.0, 0.0, 0.0, 0.0, 0.0]}, "name": "Gyrorbium revolvens", "mono": true}