{"worldSize": 128, "R": 13.0, "T": 1280.0, "numKernels": 1, "betaLen": [1], "beta0": [1.0], "beta1": [0.0], "beta2": [0.0], "mu": [0.004], "sigma": [0.0004], "eta": [1.0], "relR": [1.0], "src": [0], "dst": [0], "init": {"type": "seed", "size": [21, 20, 1], "cells": [0.0, 0.0, 0.0, 0.0, 0.0, 0.0, 0.0, 0.0, 0.0, 0.0, 0.0, 0.0, 0.0, 0.00392156862745098, 0.0, 0.0, 0.0, 0.0, 0.0, 0.0, 0.0, 0.0, 0.0, 0.0, 0.0, 0.0, 0.0, 0.0, 0.0, 0.0, 0.0, 0.0, 0.0, 0.0, 0.011764705882352941, 0.0, 0.0, 0.0, 0.0, 0.0, 0.0, 0.0, 0.0, 0.0, 0.0, 0.0, 0.00392156862745098, 0.00392156862745098, 0.0, 0.0, 0.00392156862745098, 0.00392156862745098, 0.00392156862745098, 0.00392156862745098, 0.00392156862745098, 0.011764705882352941, 0.0, 0.0, 0.0, 0.0, 0.0, 0.0, 0.0, 0.0, 0.00392156862745098, 0.00392156862745098, 0.00392156862745098, 0.00784313725490196, 0.00784313725490196, 0.00392156862745098, 0.00392156862745098, 0.00392156862745098, 0.00392156862745098, 0.00392156862745098, 0.00392156862745098, 0.01568627450980392, 0.0, 0.0, 0.0, 0.0, 0.0, 0.0, 0.0, 0.0, 0.0, 0.00784313725490196, 0.00784313725490196, 0.011764705882352941, 0.01568627450980392, 0.00784313725490196, 0.00392156862745098, 0.0, 0.0, 0.0, 0.0, 0.0, 0.023529411764705882, 0.0, 0.0, 0.0, 0.0, 0.0, 0.0, 0.0, 0.0, 0.00784313725490196, 0.011764705882352941, 0.011764705882352941, 0.011764705882352941, 0.011764705882352941, 0.0, 0.0, 0.0, 0.0, 0.0, 0.0, 0.0, 0.0196078431372549, 0.0, 0.0, 0.0, 0.0, 0.0, 0.0, 0.00392156862745098, 0.00392156862745098, 0.01568627450980392, 0.011764705882352941, 0.00784313725490196, 0.00784313725490196, 0.00784313725490196, 0.0, 0.0, 0.0, 0.0, 0.0, 0.0, 0.00784313725490196, 0.00784313725490196, 0.0, 0.0, 0.0, 0.0, 0.00392156862745098, 0.00392156862745098, 0.00392156862745098, 0.00392156862745098, 0.00784313725490196, 0.00784313725490196, 0.00784313725490196, 0.011764705882352941, 0.011764705882352941, 0.0, 0.0, 0.0, 0.0, 0.0, 0.0, 0.011764705882352941, 0.0, 0.0, 0.0, 0.0, 0.00392156862745098, 0.00392156862745098, 0.0, 0.0, 0.00784313725490196, 0.011764705882352941, 0.011764705882352941, 0.01568627450980392, 0.0196078431372549, 0.011764705882352941, 0.0, 0.0, 0.0, 0.0, 0.0, 0.00392156862745098, 0.00392156862745098, 0.0, 0.0, 0.00392156862745098, 0.00392156862745098, 0.0, 0.0, 0.0, 0.00392156862745098, 0.01568627450980392, 0.01568627450980392, 0.01568627450980392, 0.0196078431372549, 0.023529411764705882, 0.011764705882352941, 0.0, 0.0, 0.0, 0.0, 0.00392156862745098, 0.00784313725490196, 0.0, 0.011764705882352941, 0.00392156862745098, 0.00392156862745098, 0.0, 0.0, 0.0, 0.0, 0.011764705882352941, 0.0196078431372549, 0.0196078431372549, 0.023529411764705882, 0.027450980392156862, 0.027450980392156862, 0.011764705882352941, 0.0, 0.0, 0.0, 0.00392156862745098, 0.00784313725490196, 0.0, 0.0, 0.011764705882352941, 0.00392156862745098, 0.0, 0.0, 0.0, 0.0, 0.00392156862745098, 0.0196078431372549, 0.027450980392156862, 0.023529411764705882, 0.027450980392156862, 0.03137254901960784, 0.023529411764705882, 0.011764705882352941, 0.0, 0.0, 0.00392156862745098, 0.00784313725490196, 0.0, 0.0, 0.011764705882352941, 0.00784313725490196, 0.0, 0.0, 0.0, 0.0, 0.0, 0.01568627450980392, 0.027450980392156862, 0.027450980392156862, 0.023529411764705882, 0.023529411764705882, 0.023529411764705882, 0.0196078431372549, 0.00784313725490196, 0.00392156862745098, 0.00784313725490196, 0.00392156862745098, 0.0, 0.0, 0.0, 0.023529411764705882, 0.0, 0.0, 0.0, 0.0, 0.0, 0.00392156862745098, 0.023529411764705882, 0.027450980392156862, 0.0196078431372549, 0.0196078431372549, 0.0196078431372549, 0.0196078431372549, 0.01568627450980392, 0.00784313725490196, 0.00784313725490196, 0.00392156862745098, 0.0, 0.0, 0.0, 0.00392156862745098, 0.011764705882352941, 0.0, 0.0, 0.0, 0.0, 0.0, 0.01568627450980392, 0.023529411764705882, 0.0196078431372549, 0.01568627450980392, 0.0196078431372549, 0.01568627450980392, 0.01568627450980392, 0.00784313725490196, 0.00784313725490196, 0.00392156862745098, 0.0, 0.0, 0.0, 0.0, 0.011764705882352941, 0.00392156862745098, 0.0, 0.0, 0.0, 0.0, 0.00784313725490196, 0.0196078431372549, 0.0196078431372549, 0.0196078431372549, 0.01568627450980392, 0.01568627450980392, 0.011764705882352941, 0.00784313725490196, 0.00392156862745098, 0.0, 0.0, 0.0, 0.0, 0.0, 0.0, 0.011764705882352941, 0.00392156862745098, 0.0, 0.0, 0.0, 0.00392156862745098, 0.011764705882352941, 0.01568627450980392, 0.01568627450980392, 0.011764705882352941, 0.011764705882352941, 0.00784313725490196, 0.00392156862745098, 0.00392156862745098, 0.0, 0.0, 0.0, 0.0, 0.0, 0.0, 0.0, 0.00784313725490196, 0.00392156862745098, 0.00392156862745098, 0.00392156862745098, 0.00392156862745098, 0.00784313725490196, 0.011764705882352941, 0.011764705882352941, 0.011764705882352941, 0.00784313725490196, 0.00392156862745098, 0.00392156862745098, 0.0, 0.0, 0.0, 0.0, 0.0, 0.0, 0.0, 0.0, 0.0, 0.00392156862745098, 0.00784313725490196, 0.00392156862745098, 0.00784313725490196, 0.00784313725490196, 0.00784313725490196, 0.00784313725490196, 0.00784313725490196, 0.00392156862745098, 0.00392156862745098, 0.0, 0.0, 0.0, 0.0, 0.0, 0.0, 0.0, 0.0, 0.0, 0.0, 0.0, 0.0, 0.00392156862745098, 0.00392156862745098, 0.00392156862745098, 0.00392156862745098, 0.00392156862745098, 0.00392156862745098, 0.0, 0.0, 0.0, 0.0, 0.0, 0.0, 0.0, 0.0, 0.0, 0.0, 0.0, 0.0, 0.0, 0.0, 0.0, 0.0, 0.0, 0.0, 0.0, 0.0, 0.0, 0.0, 0.0, 0.0, 0.0]}, "name": "Orbium virtualis (2)", "mono": true}