{"worldSize": 128, "R": 13.0, "T": 10.0, "numKernels": 1, "betaLen": [1], "beta0": [1.0], "beta1": [0.0], "beta2": [0.0], "mu": [0.38], "sigma": [0.07], "eta": [1.0], "relR": [1.0], "src": [0], "dst": [0], "init": {"type": "seed", "size": [16, 16, 1], "cells": [0.0, 0.0, 0.0, 0.0, 0.0, 0.0, 0.0, 0.047058823529411764, 0.06666666666666667, 0.0, 0.0, 0.0, 0.0, 0.0, 0.0, 0.0, 0.0, 0.0, 0.0, 0.0, 0.12941176470588237, 0.48627450980392156, 0.9686274509803922, 0.9764705882352941, 0.9764705882352941, 0.9764705882352941, 0.6078431372549019, 0.25882352941176473, 0.0, 0.0, 0.0, 0.0, 0.0, 0.0, 0.0, 0.3686274509803922, 0.9764705882352941, 1.0, 1.0, 1.0, 1.0, 1.0, 1.0, 0.9882352941176471, 0.5372549019607843, 0.0, 0.0, 0.0, 0.0, 0.0, 0.3686274509803922, 0.9882352941176471, 1.0, 1.0, 1.0, 1.0, 1.0, 1.0, 1.0, 1.0, 1.0, 0.5882352941176471, 0.0, 0.0, 0.0, 0.12941176470588237, 0.9764705882352941, 1.0, 1.0, 1.0, 1.0, 1.0, 1.0, 1.0, 1.0, 1.0, 1.0, 0.9882352941176471, 0.3686274509803922, 0.0, 0.0, 0.48627450980392156, 1.0, 1.0, 1.0, 1.0, 1.0, 0.7294117647058823, 0.6784313725490196, 0.8784313725490196, 1.0, 1.0, 1.0, 1.0, 0.9686274509803922, 0.0, 0.0, 0.9686274509803922, 1.0, 1.0, 1.0, 1.0, 0.48627450980392156, 0.23921568627450981, 0.20784313725490197, 0.3764705882352941, 0.807843137254902, 1.0, 1.0, 1.0, 0.9882352941176471, 0.17647058823529413, 0.047058823529411764, 0.9764705882352941, 1.0, 1.0, 1.0, 0.7294117647058823, 0.23921568627450981, 0.047058823529411764, 0.0196078431372549, 0.1568627450980392, 0.5372549019607843, 1.0, 1.0, 1.0, 1.0, 0.2980392156862745, 0.06666666666666667, 0.9764705882352941, 1.0, 1.0, 1.0, 0.6784313725490196, 0.20784313725490197, 0.0196078431372549, 0.0, 0.12941176470588237, 0.5098039215686274, 1.0, 1.0, 1.0, 1.0, 0.30980392156862746, 0.0, 0.9764705882352941, 1.0, 1.0, 1.0, 0.8784313725490196, 0.3764705882352941, 0.1568627450980392, 0.12941176470588237, 0.28627450980392155, 0.7176470588235294, 1.0, 1.0, 1.0, 0.9882352941176471, 0.20784313725490197, 0.0, 0.6078431372549019, 1.0, 1.0, 1.0, 1.0, 0.807843137254902, 0.5372549019607843, 0.5098039215686274, 0.7176470588235294, 1.0, 1.0, 1.0, 1.0, 0.9686274509803922, 0.027450980392156862, 0.0, 0.25882352941176473, 0.9882352941176471, 1.0, 1.0, 1.0, 1.0, 1.0, 1.0, 1.0, 1.0, 1.0, 1.0, 1.0, 0.4666666666666667, 0.0, 0.0, 0.0, 0.5372549019607843, 1.0, 1.0, 1.0, 1.0, 1.0, 1.0, 1.0, 1.0, 1.0, 1.0, 0.9568627450980393, 0.047058823529411764, 0.0, 0.0, 0.0, 0.0, 0.5882352941176471, 0.9882352941176471, 1.0, 1.0, 1.0, 1.0, 1.0, 1.0, 1.0, 0.9568627450980393, 0.14901960784313725, 0.0, 0.0, 0.0, 0.0, 0.0, 0.0, 0.3686274509803922, 0.9686274509803922, 0.9882352941176471, 1.0, 1.0, 0.9882352941176471, 0.9686274509803922, 0.4666666666666667, 0.047058823529411764, 0.0, 0.0, 0.0, 0.0, 0.0, 0.0, 0.0, 0.0, 0.0, 0.17647058823529413, 0.2980392156862745, 0.30980392156862746, 0.20784313725490197, 0.027450980392156862, 0.0, 0.0, 0.0, 0.0, 0.0]}, "name": "Circium ventilans", "mono": true}