{"worldSize": 128, "R": 27.0, "T": 10.0, "numKernels": 1, "betaLen": [3], "beta0": [0.4166666666666667], "beta1": [1.0], "beta2": [0.4166666666666667], "mu": [0.15], "sigma": [0.015], "eta": [1.0], "relR": [1.0], "src": [0], "dst": [0], "init": {"type": "seed", "size": [36, 40, 1], "cells": [0.0, 0.0, 0.0, 0.0, 0.0, 0.0, 0.0, 0.0, 0.0, 0.0, 0.0, 0.0, 0.0, 0.0, 0.0, 0.0, 0.043137254901960784, 0.0392156862745098, 0.0, 0.0, 0.0, 0.0, 0.0, 0.0, 0.0, 0.0, 0.0, 0.0, 0.0, 0.0, 0.0, 0.0, 0.0, 0.0, 0.0, 0.0, 0.0, 0.0, 0.0, 0.0, 0.0, 0.0, 0.0, 0.0, 0.0, 0.0, 0.0, 0.0, 0.0, 0.0, 0.0, 0.0, 0.0, 0.0, 0.10588235294117647, 0.4, 0.6431372549019608, 1.0, 0.15294117647058825, 0.0, 0.0, 0.0, 0.0, 0.0, 0.0, 0.0, 0.0, 0.0, 0.0, 0.0, 0.0, 0.0, 0.0, 0.0, 0.0, 0.0, 0.0, 0.0, 0.0, 0.0, 0.0, 0.0, 0.0, 0.0, 0.0, 0.0, 0.0, 0.0, 0.0, 0.0, 0.0, 0.0, 0.0, 0.10980392156862745, 0.49411764705882355, 0.8352941176470589, 1.0, 1.0, 1.0, 0.0, 0.0, 0.0, 0.0, 0.0, 0.0, 0.0, 0.0, 0.0, 0.0, 0.0, 0.0, 0.0, 0.0, 0.0, 0.0, 0.0, 0.0, 0.0, 0.0, 0.0, 0.0, 0.0, 0.0, 0.0, 0.0, 0.0, 0.0, 0.0, 0.0, 0.0, 0.0, 0.0, 0.0, 0.41568627450980394, 0.8352941176470589, 1.0, 1.0, 1.0, 1.0, 1.0, 0.0, 0.0, 0.0, 0.0, 0.0, 0.0, 0.0, 0.0, 0.0, 0.0, 0.0, 0.0, 0.0, 0.0, 0.0, 0.0, 0.0, 0.0, 0.0, 0.0, 0.0, 0.0, 0.0, 0.0, 0.0, 0.0, 0.0, 0.0, 0.0, 0.0, 0.0, 0.0, 0.0, 0.403921568627451, 1.0, 1.0, 1.0, 1.0, 1.0, 1.0, 0.0, 0.0, 0.0, 0.0, 0.0, 0.0, 0.0, 0.027450980392156862, 0.03529411764705882, 0.00392156862745098, 0.0, 0.0, 0.0, 0.0, 0.0, 0.0, 0.0, 0.0, 0.0, 0.0, 0.0, 0.0, 0.0, 0.0, 0.0, 0.0, 0.0, 0.0, 0.0, 0.0, 0.0, 0.0, 0.0, 1.0, 1.0, 1.0, 1.0, 1.0, 1.0, 1.0, 0.796078431372549, 0.20392156862745098, 0.0, 0.0, 0.0, 0.00784313725490196, 0.11372549019607843, 0.3686274509803922, 0.3686274509803922, 0.24705882352941178, 0.047058823529411764, 0.0, 0.0, 0.0, 0.0, 0.0, 0.0, 0.0, 0.0, 0.0, 0.0, 0.0, 0.0, 0.0, 0.0, 0.0, 0.0, 0.0, 0.0, 0.0, 0.0, 0.0, 0.0, 1.0, 1.0, 1.0, 1.0, 1.0, 1.0, 1.0, 1.0, 1.0, 0.25882352941176473, 0.12941176470588237, 0.1568627450980392, 0.28627450980392155, 0.4588235294117647, 0.6745098039215687, 0.6705882352941176, 0.5058823529411764, 0.1607843137254902, 0.0, 0.0, 0.0, 0.0, 0.0, 0.0, 0.01568627450980392, 0.00392156862745098, 0.0, 0.0, 0.0, 0.0, 0.0, 0.09411764705882353, 0.41568627450980394, 0.43137254901960786, 0.19607843137254902, 0.0, 0.0, 0.0, 0.0, 0.6313725490196078, 1.0, 1.0, 1.0, 1.0, 1.0, 0.8627450980392157, 0.9372549019607843, 1.0, 1.0, 1.0, 1.0, 1.0, 1.0, 1.0, 1.0, 1.0, 1.0, 0.18823529411764706, 0.0, 0.0, 0.0, 0.0, 0.0, 0.0, 0.011764705882352941, 0.03529411764705882, 0.00392156862745098, 0.0, 0.0, 0.0, 0.5764705882352941, 1.0, 1.0, 1.0, 1.0, 1.0, 1.0, 1.0, 1.0, 1.0, 1.0, 1.0, 0.7333333333333333, 0.3058823529411765, 0.0, 0.12941176470588237, 0.10196078431372549, 0.25098039215686274, 0.6352941176470588, 1.0, 1.0, 1.0, 1.0, 1.0, 1.0, 1.0, 1.0, 0.0784313725490196, 0.0, 0.0, 0.0, 0.0, 0.0, 0.0, 0.0, 0.0, 0.00392156862745098, 0.0, 0.0, 0.0, 1.0, 1.0, 1.0, 1.0, 1.0, 1.0, 1.0, 1.0, 1.0, 1.0, 0.3607843137254902, 0.11764705882352941, 0.0, 0.0, 0.0, 0.0, 0.0, 0.0, 0.0, 1.0, 1.0, 1.0, 1.0, 1.0, 1.0, 1.0, 1.0, 0.08235294117647059, 0.0, 0.0, 0.0, 0.0, 0.0, 0.0, 0.0, 0.0, 0.0, 0.0, 0.0, 0.0, 0.8705882352941177, 1.0, 1.0, 1.0, 1.0, 1.0, 0.9725490196078431, 0.8509803921568627, 0.7215686274509804, 0.0, 0.0, 0.0, 0.0, 0.0, 0.0, 0.0, 0.0, 0.0, 0.0, 0.8313725490196079, 1.0, 1.0, 1.0, 1.0, 1.0, 1.0, 1.0, 0.16862745098039217, 0.0, 0.0, 0.0, 0.0, 0.0, 0.0, 0.0, 0.0, 0.0, 0.0, 0.0, 0.0, 0.38823529411764707, 1.0, 1.0, 1.0, 1.0, 0.7568627450980392, 0.4980392156862745, 0.26666666666666666, 0.0, 0.0, 0.0, 0.0, 0.0, 0.0, 0.0, 0.0, 0.0, 0.0, 0.0, 0.796078431372549, 1.0, 1.0, 1.0, 1.0, 1.0, 1.0, 1.0, 0.3607843137254902, 0.0, 0.0, 0.0, 0.0, 0.0, 0.0, 0.0, 0.0, 0.0, 0.0, 0.0, 0.0, 0.043137254901960784, 0.5411764705882353, 1.0, 1.0, 1.0, 0.6352941176470588, 0.2823529411764706, 0.0, 0.0, 0.0, 0.0, 0.0, 0.0, 0.0, 0.0, 0.0, 0.0, 0.0, 0.0, 0.796078431372549, 0.9568627450980393, 1.0, 0.9921568627450981, 0.9803921568627451, 1.0, 1.0, 1.0, 0.7647058823529411, 0.0, 0.0, 0.0, 0.0, 0.0, 0.0, 0.0, 0.0, 0.0, 0.0, 0.0, 0.0, 0.0, 0.0, 0.5137254901960784, 1.0, 1.0, 0.40784313725490196, 0.0, 0.0, 0.0, 0.0, 0.0, 0.0, 0.0, 0.0, 0.0, 0.0, 0.0, 0.0, 0.0, 0.0, 0.0, 0.6352941176470588, 0.5294117647058824, 0.5294117647058824, 1.0, 1.0, 1.0, 1.0, 0.4392156862745098, 0.0, 0.0, 0.0, 0.0, 0.0, 0.0, 0.0, 0.0, 0.0, 0.0, 0.0, 0.0, 0.0, 0.16862745098039217, 1.0, 1.0, 0.4470588235294118, 0.0, 0.0, 0.0, 0.0, 0.0, 0.0, 0.0, 0.0, 0.0, 0.0, 0.0, 0.0, 0.0, 0.0, 0.0, 0.0, 0.18823529411764706, 0.3058823529411765, 1.0, 1.0, 1.0, 1.0, 1.0, 0.027450980392156862, 0.0, 0.0, 0.0, 0.0, 0.0, 0.0, 0.0, 0.0, 0.0, 0.0, 0.0, 0.0, 0.1450980392156863, 1.0, 1.0, 0.39215686274509803, 0.0, 0.0, 0.0, 0.0, 0.0, 0.0, 0.0, 0.0, 0.0, 0.0, 0.0, 0.0, 0.0, 0.0, 0.0, 0.0, 0.0, 0.1843137254901961, 1.0, 1.0, 1.0, 1.0, 1.0, 0.5607843137254902, 0.24705882352941178, 0.1568627450980392, 0.03529411764705882, 0.0, 0.0, 0.0, 0.0, 0.0, 0.0, 0.0, 0.0, 0.0, 0.4666666666666667, 1.0, 1.0, 0.1568627450980392, 0.0, 0.0, 0.0, 0.0, 0.0, 0.0, 0.0, 0.0, 0.0, 0.0, 0.0, 0.0, 0.0, 0.0, 0.0, 0.0, 0.0, 0.0, 0.4549019607843137, 1.0, 1.0, 1.0, 1.0, 1.0, 0.7607843137254902, 0.5019607843137255, 0.32941176470588235, 0.07450980392156863, 0.0, 0.0, 0.0, 0.0, 0.0, 0.0, 0.0, 0.10980392156862745, 1.0, 1.0, 1.0, 0.00392156862745098, 0.0, 0.0, 0.0, 0.0, 0.0, 0.0, 0.0, 0.0, 0.0, 0.0, 0.0, 0.0, 0.0, 0.0, 0.0, 0.0, 0.0, 0.0, 0.7176470588235294, 1.0, 1.0, 1.0, 1.0, 1.0, 1.0, 0.7176470588235294, 0.6039215686274509, 0.3176470588235294, 0.0, 0.0, 0.0, 0.0, 0.0, 0.0, 1.0, 1.0, 1.0, 1.0, 0.5098039215686274, 0.0, 0.0, 0.0, 0.0, 0.0, 0.0, 0.0, 0.0, 0.0, 0.0, 0.0, 0.0, 0.0, 0.0, 0.0, 0.0, 0.0, 0.0, 0.0, 0.8823529411764706, 1.0, 1.0, 1.0, 1.0, 1.0, 1.0, 1.0, 0.8117647058823529, 0.596078431372549, 0.0, 0.0, 0.0, 0.0, 0.1843137254901961, 0.9254901960784314, 1.0, 1.0, 1.0, 0.28627450980392155, 0.0, 0.0, 0.0, 0.0, 0.0, 0.0, 0.0, 0.0, 0.0, 0.0, 0.0, 0.0, 0.0, 0.0, 0.0, 0.0, 0.0, 0.0, 0.0, 0.0, 0.3215686274509804, 1.0, 1.0, 1.0, 1.0, 1.0, 1.0, 1.0, 0.7725490196078432, 0.5098039215686274, 0.0, 0.0, 0.0, 0.0, 0.792156862745098, 1.0, 1.0, 0.5294117647058824, 0.14901960784313725, 0.00784313725490196, 0.0, 0.0, 0.0, 0.0, 0.0, 0.0, 0.0, 0.0, 0.0, 0.0, 0.0, 0.0, 0.0, 0.0, 0.0, 0.0, 0.0, 0.0, 0.0, 0.0, 0.0, 0.5372549019607843, 1.0, 1.0, 1.0, 0.8823529411764706, 0.8980392156862745, 0.7411764705882353, 0.5058823529411764, 0.23137254901960785, 0.0, 0.0, 0.0, 0.16470588235294117, 0.9529411764705882, 1.0, 0.8392156862745098, 0.2627450980392157, 0.058823529411764705, 0.0, 0.0, 0.0, 0.0, 0.20784313725490197, 0.1607843137254902, 0.0, 0.0, 0.0, 0.0, 0.0, 0.0, 0.0, 0.0, 0.0, 0.0, 0.0, 0.00784313725490196, 0.0, 0.0, 0.0, 0.0, 0.08627450980392157, 0.9098039215686274, 1.0, 1.0, 0.1803921568627451, 0.12549019607843137, 0.12156862745098039, 0.07058823529411765, 0.0, 0.0, 0.0, 0.0, 0.0, 0.9607843137254902, 1.0, 0.8470588235294118, 0.7686274509803922, 0.48627450980392156, 0.23529411764705882, 0.03529411764705882, 0.0, 0.03137254901960784, 0.07058823529411765, 0.3607843137254902, 0.25098039215686274, 0.0, 0.0, 0.0, 0.0, 0.0, 0.0, 0.0, 0.0, 0.0, 0.1803921568627451, 0.4627450980392157, 0.027450980392156862, 0.0, 0.0, 0.0, 0.0, 0.6274509803921569, 1.0, 1.0, 0.0, 0.0, 0.0, 0.0, 0.0, 0.0, 0.0, 0.0, 0.0, 0.0, 0.9725490196078431, 1.0, 1.0, 1.0, 1.0, 1.0, 0.15294117647058825, 0.0, 0.03137254901960784, 0.41568627450980394, 0.8196078431372549, 0.5647058823529412, 0.03137254901960784, 0.0, 0.0, 0.0, 0.0, 0.0, 0.0, 0.0, 0.7372549019607844, 0.996078431372549, 0.5058823529411764, 0.0, 0.0, 0.0, 0.0, 0.5882352941176471, 1.0, 1.0, 0.0, 0.0, 0.0, 0.0, 0.0, 0.0, 0.0, 0.0, 0.0, 0.0, 0.0, 0.48627450980392156, 0.5568627450980392, 1.0, 1.0, 1.0, 0.6235294117647059, 0.0, 0.0, 0.25882352941176473, 0.7137254901960784, 0.9490196078431372, 0.4549019607843137, 0.0, 0.0, 0.0, 0.0, 0.0, 0.0, 0.0, 0.3607843137254902, 0.6941176470588235, 0.37254901960784315, 0.0, 0.0, 0.0, 0.0, 0.9607843137254902, 1.0, 1.0, 