{"worldSize": 128, "R": 15.0, "T": 10.0, "numKernels": 1, "betaLen": [3], "beta0": [0.5], "beta1": [0.5], "beta2": [1.0], "mu": [0.23], "sigma": [0.031], "eta": [1.0], "relR": [1.0], "src": [0], "dst": [0], "init": {"type": "seed", "size": [25, 27, 1], "cells": [0.0, 0.0, 0.0, 0.0, 0.0, 0.0, 0.0, 0.0, 0.0, 0.0, 0.0, 0.0, 0.2, 0.3686274509803922, 0.4588235294117647, 0.4470588235294118, 0.4, 0.2980392156862745, 0.17647058823529413, 0.0784313725490196, 0.0, 0.0, 0.0, 0.0, 0.0, 0.0, 0.0, 0.0, 0.0, 0.0, 0.0, 0.0, 0.0, 0.0, 0.0, 0.0, 0.047058823529411764, 0.3568627450980392, 0.6588235294117647, 0.8862745098039215, 0.9490196078431372, 0.9764705882352941, 0.9882352941176471, 0.9882352941176471, 0.9568627450980393, 0.8, 0.6392156862745098, 0.4666666666666667, 0.28627450980392155, 0.0784313725490196, 0.0, 0.0, 0.0, 0.0, 0.0, 0.0, 0.0, 0.0, 0.0, 0.0, 0.0, 0.0, 0.0392156862745098, 0.4392156862745098, 0.8196078431372549, 0.9568627450980393, 1.0, 1.0, 1.0, 1.0, 1.0, 1.0, 1.0, 1.0, 1.0, 0.788235294117647, 0.4980392156862745, 0.18823529411764706, 0.0, 0.0, 0.0, 0.0, 0.0, 0.0, 0.0, 0.0, 0.0, 0.0, 0.00784313725490196, 0.4196078431372549, 0.807843137254902, 0.9568627450980393, 1.0, 1.0, 1.0, 1.0, 1.0, 1.0, 1.0, 1.0, 1.0, 1.0, 1.0, 0.9372549019607843, 0.5568627450980392, 0.16862745098039217, 0.0, 0.0, 0.0, 0.0, 0.0, 0.0, 0.0, 0.0, 0.0, 0.40784313725490196, 0.7568627450980392, 0.9294117647058824, 1.0, 1.0, 1.0, 1.0, 1.0, 1.0, 1.0, 1.0, 1.0, 1.0, 1.0, 1.0, 1.0, 0.9372549019607843, 0.48627450980392156, 0.047058823529411764, 0.0, 0.0, 0.0, 0.0, 0.0, 0.0, 0.14901960784313725, 0.48627450980392156, 0.6666666666666666, 0.8588235294117647, 0.9882352941176471, 1.0, 1.0, 1.0, 0.8784313725490196, 0.788235294117647, 0.8196078431372549, 0.9294117647058824, 1.0, 1.0, 1.0, 1.0, 1.0, 1.0, 1.0, 0.807843137254902, 0.30980392156862746, 0.0, 0.0, 0.0, 0.0, 0.0, 0.2196078431372549, 0.4588235294117647, 0.5882352941176471, 0.7372549019607844, 0.9294117647058824, 1.0, 1.0, 0.7490196078431373, 0.3176470588235294, 0.18823529411764706, 0.14901960784313725, 0.3176470588235294, 0.5568627450980392, 0.8274509803921568, 1.0, 1.0, 1.0, 1.0, 1.0, 1.0, 1.0, 0.5490196078431373, 0.0392156862745098, 0.0, 0.0, 0.0, 0.24705882352941178, 0.38823529411764707, 0.5098039215686274, 0.6392156862745098, 0.807843137254902, 1.0, 1.0, 0.28627450980392155, 0.0, 0.0, 0.0, 0.0, 0.0, 0.16862745098039217, 0.5686274509803921, 0.8470588235294118, 0.9882352941176471, 1.0, 1.0, 1.0, 1.0, 1.0, 0.7294117647058823, 0.17647058823529413, 0.0, 0.0, 0.16862745098039217, 0.2980392156862745, 0.4196078431372549, 0.5372549019607843, 0.6862745098039216, 0.9372549019607843, 0.8588235294117647, 0.0, 0.0, 0.0, 0.0, 0.0, 0.00784313725490196, 0.047058823529411764, 0.1568627450980392, 0.30980392156862746, 0.6470588235294118, 0.8862745098039215, 1.0, 1.0, 1.0, 1.0, 1.0, 0.8392156862745098, 0.24705882352941178, 0.0, 0.11764705882352941, 0.23921568627450981, 0.34901960784313724, 0.4588235294117647, 0.5882352941176471, 0.6862745098039216, 0.38823529411764707, 0.047058823529411764, 0.0, 0.0, 0.0, 0.0, 0.0, 0.08627450980392157, 0.1568627450980392, 0.18823529411764706, 0.26666666666666666, 0.38823529411764707, 0.7176470588235294, 0.9686274509803922, 1.0, 1.0, 1.0, 1.0, 0.8588235294117647, 0.25882352941176473, 0.0, 0.13725490196078433, 0.28627450980392155, 0.4, 0.5294117647058824, 0.2, 0.24705882352941178, 0.18823529411764706, 0.0, 0.0, 0.0, 0.0, 0.0, 0.0, 0.17647058823529413, 0.20784313725490197, 0.2, 0.2, 0.10980392156862745, 0.4588235294117647, 0.8392156862745098, 1.0, 1.0, 1.0, 1.0, 0.8274509803921568, 0.2, 0.0, 0.14901960784313725, 0.3176470588235294, 0.4588235294117647, 0.0, 0.0784313725490196, 0.26666666666666666, 0.06666666666666667, 0.0, 0.0, 0.0, 0.0, 0.0, 0.0, 0.17647058823529413, 0.23921568627450981, 0.18823529411764706, 0.10980392156862745, 0.0392156862745098, 0.20784313725490197, 0.6980392156862745, 1.0, 1.0, 1.0, 1.0, 0.7686274509803922, 0.11764705882352941, 0.0, 0.14901960784313725, 0.34901960784313724, 0.0, 0.0, 0.12941176470588237, 0.26666666666666666, 0.09803921568627451, 0.0, 0.0, 0.0, 0.0, 0.0, 0.0, 0.0, 0.09803921568627451, 0.08627450980392157, 0.0392156862745098, 0.0, 0.06666666666666667, 0.6274509803921569, 1.0, 1.0, 1.0, 1.0, 0.6980392156862745, 0.027450980392156862, 0.0, 0.14901960784313725, 0.0, 0.0, 0.0, 0.0784313725490196, 0.25882352941176473, 0.18823529411764706, 0.0, 0.0, 0.0, 0.0, 0.0, 0.0, 0.0, 0.0, 0.0, 0.0, 0.0, 0.09803921568627451, 0.6980392156862745, 1.0, 1.0, 1.0, 1.0, 0.6, 0.0, 0.0, 0.16862745098039217, 0.0, 0.0, 0.0, 0.0, 0.17647058823529413, 0.2980392156862745, 0.058823529411764705, 0.0, 0.0, 0.0, 0.0, 0.0, 0.0, 0.0, 0.0, 0.0, 0.0, 0.22745098039215686, 0.9568627450980393, 1.0, 1.0, 1.0, 0.9686274509803922, 0.4392156862745098, 0.0, 0.0, 0.0, 0.0, 0.0, 0.0, 0.0, 0.0784313725490196, 0.2784313725490196, 0.20784313725490197, 0.0, 0.0, 0.0, 0.0, 0.0, 0.0, 0.0, 0.0, 0.0, 0.058823529411764705, 0.5764705882352941, 1.0, 1.0, 1.0, 1.0, 0.8588235294117647, 0.18823529411764706, 0.0, 0.0, 0.0, 0.0, 0.0, 0.0, 0.0, 0.0, 0.1568627450980392, 0.2980392156862745, 0.14901960784313725, 0.0, 0.0, 0.0, 0.0, 0.0, 0.0, 0.0, 0.0, 0.7098039215686275, 1.0, 1.0, 1.0, 1.0, 0.9372549019607843, 0.5294117647058824, 0.0, 0.0, 0.0, 0.0, 0.0, 0.0, 0.0, 0.0, 0.0, 0.0392156862745098, 0.2, 0.30980392156862746, 0.14901960784313725, 0.0, 0.0, 0.0, 0.0, 0.0, 0.0, 0.9372549019607843, 1.0, 1.0, 1.0, 0.9882352941176471, 0.9176470588235294, 0.6862745098039216, 0.14901960784313725, 0.0, 0.0, 0.0, 0.0, 0.0, 0.0, 0.0, 0.0, 0.0, 0.0, 0.0392156862745098, 0.2, 0.28627450980392155, 0.17647058823529413, 0.058823529411764705, 0.027450980392156862, 0.08627450980392157, 0.24705882352941178, 1.0, 1.0, 1.0, 0.9686274509803922, 0.9294117647058824, 0.8470588235294118, 0.6392156862745098, 0.25882352941176473, 0.0, 0.0, 0.0, 0.0, 0.0, 0.0, 0.0, 0.0, 0.0, 0.0, 0.0, 0.0, 0.0392156862745098, 0.17647058823529413, 0.25882352941176473, 0.26666666666666666, 0.2980392156862745, 0.3176470588235294, 0.9490196078431372, 0.8784313725490196, 0.8392156862745098, 0.8274509803921568, 0.8, 0.7294117647058823, 0.48627450980392156, 0.17647058823529413, 0.0, 0.0, 0.0, 0.0, 0.0, 0.0, 0.0, 0.0, 0.0, 0.0, 0.0, 0.0, 0.0, 0.0, 0.0196078431372549, 0.08627450980392157, 0.10980392156862745, 0.09803921568627451, 0.7098039215686275, 0.6666666666666666, 0.6588235294117647, 0.6588235294117647, 0.6392156862745098, 0.5568627450980392, 0.26666666666666666, 0.027450980392156862, 0.0, 0.0, 0.0, 0.0, 0.0, 0.0, 0.0, 0.0, 0.0, 0.0, 0.0, 0.0, 0.0, 0.0, 0.0, 0.0, 0.0, 0.1568627450980392, 0.5568627450980392, 0.5372549019607843, 0.5176470588235295, 0.5294117647058824, 0.5098039215686274, 0.34901960784313724, 0.027450980392156862, 0.0, 0.0, 0.0, 0.0, 0.0, 0.0, 0.0, 0.0, 0.0, 0.0, 0.0, 0.0, 0.0, 0.0, 0.0, 0.0, 0.0, 0.0, 0.4470588235294118, 0.42745098039215684, 0.4196078431372549, 0.40784313725490196, 0.40784313725490196, 0.4, 0.2, 0.0, 0.0, 0.0, 0.0, 0.0, 0.0, 0.0, 0.0, 0.0, 0.0, 0.0, 0.0, 0.0, 0.0, 0.0, 0.0, 0.0, 0.10980392156862745, 0.24705882352941178, 0.2784313725490196, 0.28627450980392155, 0.2980392156862745, 0.30980392156862746, 0.2980392156862745, 0.2784313725490196, 0.00784313725490196, 0.0, 0.0, 0.0, 0.0, 0.0, 0.0, 0.0, 0.0, 0.0, 0.0, 0.0, 0.0, 0.0, 0.0, 0.0, 0.0, 0.0, 0.0, 0.0, 0.058823529411764705, 0.09803921568627451, 0.12941176470588237, 0.16862745098039217, 0.17647058823529413, 0.11764705882352941, 0.0, 0.0, 0.0, 0.0, 0.0, 0.0, 0.0, 0.0, 0.0, 0.0, 0.0, 0.0]}, "name": "Kronium saliens (2)", "mono": true}