{"worldSize": 128, "R": 18.0, "T": 10.0, "numKernels": 1, "betaLen": [2], "beta0": [1.0], "beta1": [0.5], "beta2": [0.0], "mu": [0.2], "sigma": [0.022], "eta": [1.0], "relR": [1.0], "src": [0], "dst": [0], "init": {"type": "seed", "size": [22, 23, 1], "cells": [0.0, 0.0, 0.0, 0.0, 0.0, 0.0, 0.0, 0.0, 0.0, 0.0, 0.0, 0.0196078431372549, 0.054901960784313725, 0.07450980392156863, 0.0784313725490196, 0.054901960784313725, 0.011764705882352941, 0.0, 0.0, 0.0, 0.0, 0.0, 0.0, 0.0, 0.0, 0.0, 0.0, 0.0, 0.0, 0.0, 0.0, 0.0, 0.011764705882352941, 0.043137254901960784, 0.22745098039215686, 0.5176470588235295, 0.6352941176470588, 0.5450980392156862, 0.3215686274509804, 0.09803921568627451, 0.00784313725490196, 0.0, 0.0, 0.0, 0.0, 0.0, 0.0, 0.0, 0.0, 0.0, 0.0, 0.0, 0.0, 0.00392156862745098, 0.33725490196078434, 0.8392156862745098, 1.0, 1.0, 1.0, 1.0, 0.8901960784313725, 0.6745098039215687, 0.30196078431372547, 0.00784313725490196, 0.0, 0.0, 0.0, 0.0, 0.0, 0.0, 0.0, 0.0, 0.00392156862745098, 0.0196078431372549, 0.09019607843137255, 0.5725490196078431, 1.0, 1.0, 1.0, 1.0, 1.0, 1.0, 1.0, 1.0, 1.0, 1.0, 0.5294117647058824, 0.0, 0.0, 0.0, 0.0, 0.0, 0.0, 0.0, 0.027450980392156862, 0.10196078431372549, 0.5019607843137255, 1.0, 1.0, 1.0, 1.0, 0.9450980392156862, 0.7058823529411765, 0.396078431372549, 0.44313725490196076, 0.6627450980392157, 0.9764705882352941, 1.0, 1.0, 1.0, 0.6862745098039216, 0.00784313725490196, 0.0, 0.0, 0.0, 0.0, 0.023529411764705882, 0.16862745098039217, 0.6352941176470588, 1.0, 1.0, 1.0, 0.9333333333333333, 0.5725490196078431, 0.0, 0.0, 0.0, 0.0, 0.09411764705882353, 0.3176470588235294, 0.4823529411764706, 0.6901960784313725, 0.984313725490196, 1.0, 0.7372549019607844, 0.023529411764705882, 0.0, 0.0, 0.0, 0.12941176470588237, 0.5058823529411764, 1.0, 1.0, 1.0, 0.9098039215686274, 0.5607843137254902, 0.0, 0.0, 0.0, 0.0, 0.0, 0.09803921568627451, 0.2235294117647059, 0.1803921568627451, 0.12156862745098039, 0.25882352941176473, 0.7529411764705882, 1.0, 0.30980392156862746, 0.0, 0.0, 0.023529411764705882, 0.25098039215686274, 0.8352941176470589, 1.0, 1.0, 0.9764705882352941, 0.7019607843137254, 0.0, 0.0, 0.0, 0.0, 0.0, 0.4980392156862745, 0.788235294117647, 0.7529411764705882, 0.3607843137254902, 0.0, 0.0, 0.0, 0.7254901960784313, 0.8274509803921568, 0.0, 0.0, 0.06274509803921569, 0.36470588235294116, 0.996078431372549, 1.0, 1.0, 0.8862745098039215, 0.6039215686274509, 0.0, 0.0, 0.0, 0.058823529411764705, 1.0, 0.6980392156862745, 0.3568627450980392, 0.6745098039215687, 0.9019607843137255, 0.2823529411764706, 0.0, 0.0, 0.0, 0.9921568627450981, 0.1803921568627451, 0.0, 0.09019607843137255, 0.4392156862745098, 1.0, 1.0, 1.0, 0.8470588235294118, 0.6196078431372549, 0.0, 0.0, 0.0, 1.0, 0.34509803921568627, 0.0, 0.0, 0.17647058823529413, 0.2196078431372549, 0.7450980392156863, 0.3411764705882353, 0.0, 0.0, 0.803921568627451, 0.4980392156862745, 0.0, 0.09019607843137255, 0.43529411764705883, 0.8941176470588236, 1.0, 0.9882352941176471, 0.8509803921568627, 0.6941176470588235, 0.0, 0.0, 0.7411764705882353, 0.8823529411764706, 0.0, 0.0, 0.0, 0.03529411764705882, 0.23921568627450981, 0.2, 0.20392156862745098, 0.0, 0.0, 1.0, 1.0, 0.0, 0.06274509803921569, 0.3764705882352941, 0.7098039215686275, 0.9647058823529412, 0.984313725490196, 0.8745098039215686, 0.7647058823529411, 0.0, 0.03137254901960784, 0.8274509803921568, 0.2980392156862745, 0.0, 0.0, 0.0, 0.00392156862745098, 0.23921568627450981, 0.23137254901960785, 0.5215686274509804, 0.0, 0.050980392156862744, 0.9725490196078431, 1.0, 0.12941176470588237, 0.023529411764705882, 0.29411764705882354, 0.5411764705882353, 0.6235294117647059, 0.996078431372549, 0.9058823529411765, 0.807843137254902, 0.0, 0.0, 0.6431372549019608, 0.7490196078431373, 0.0, 0.0, 0.0, 0.10588235294117647, 0.2784313725490196, 0.41568627450980394, 0.8509803921568627, 0.3333333333333333, 0.5607843137254902, 1.0, 0.8392156862745098, 0.07450980392156863, 0.0, 0.19215686274509805, 0.4392156862745098, 0.5019607843137255, 0.996078431372549, 0.9490196078431372, 0.8549019607843137, 0.0, 0.0, 0.08627450980392157, 0.6549019607843137, 1.0, 0.615686274509804, 0.2901960784313726, 0.3411764705882353, 0.47058823529411764, 0.9529411764705882, 0.9019607843137255, 0.596078431372549, 0.9411764705882353, 1.0, 0.6196078431372549, 0.00392156862745098, 0.0, 0.08235294117647059, 0.3411764705882353, 0.4549019607843137, 0.4823529411764706, 0.9803921568627451, 0.8941176470588236, 0.4470588235294118, 0.0, 0.0, 0.0, 0.0, 0.35294117647058826, 0.9098039215686274, 0.8901960784313725, 0.8901960784313725, 0.9333333333333333, 0.40784313725490196, 0.7333333333333333, 0.9647058823529412, 1.0, 0.4666666666666667, 0.0, 0.0, 0.0, 0.2196078431372549, 0.396078431372549, 0.4549019607843137, 1.0, 0.9686274509803922, 0.8666666666666667, 0.0, 0.0, 0.0, 0.0, 0.0, 0.0, 0.0, 0.0, 0.09803921568627451, 0.5529411764705883, 1.0, 1.0, 0.9568627450980393, 0.3176470588235294, 0.0, 0.0, 0.0, 0.09019607843137255, 0.30196078431372547, 0.4117647058823529, 0.7098039215686275, 1.0, 0.9764705882352941, 0.8549019607843137, 0.0, 0.0, 0.0, 0.0, 0.0, 0.0, 0.0, 0.33725490196078434, 0.8705882352941177, 0.9921568627450981, 0.6666666666666666, 0.18823529411764706, 0.1411764705882353, 0.0, 0.0, 0.0, 0.0, 0.17647058823529413, 0.32941176470588235, 0.396078431372549, 1.0, 1.0, 1.0, 0.9215686274509803, 0.6352941176470588, 0.0, 0.0, 0.0, 0.0, 0.33725490196078434, 0.9294117647058824, 1.0, 0.7215686274509804, 0.25882352941176473, 0.023529411764705882, 0.0, 0.0, 0.0, 0.0, 0.0, 0.043137254901960784, 0.21176470588235294, 0.30196078431372547, 0.7098039215686275, 1.0, 1.0, 1.0, 1.0, 0.984313725490196, 0.9529411764705882, 0.9725490196078431, 1.0, 1.0, 1.0, 0.6313725490196078, 0.16470588235294117, 0.011764705882352941, 0.0, 0.0, 0.0, 0.0, 0.0, 0.0, 0.0, 0.07450980392156863, 0.18823529411764706, 0.4235294117647059, 0.8, 1.0, 1.0, 1.0, 1.0, 1.0, 1.0, 1.0, 0.8901960784313725, 0.4823529411764706, 0.10980392156862745, 0.0, 0.0, 0.0, 0.0, 0.0, 0.0, 0.0, 0.0, 0.0, 0.0, 0.054901960784313725, 0.11372549019607843, 0.45098039215686275, 0.6470588235294118, 0.7058823529411765, 0.6862745098039216, 0.6509803921568628, 0.6078431372549019, 0.44313725490196076, 0.12549019607843137, 0.0, 0.0, 0.0, 0.0, 0.0, 0.0, 0.0, 0.0, 0.0, 0.0, 0.0, 0.0, 0.0, 0.0, 0.011764705882352941, 0.03529411764705882, 0.2196078431372549, 0.4235294117647059, 0.4392156862745098, 0.3058823529411765, 0.023529411764705882, 0.0, 0.0, 0.0, 0.0, 0.0, 0.0, 0.0, 0.0, 0.0, 0.0]}, "name": "Tetralapillium metamorpha (2)", "mono": true}