{"worldSize": 128, "R": 27.0, "T": 10.0, "numKernels": 1, "betaLen": [2], "beta0": [0.25], "beta1": [1.0], "beta2": [0.0], "mu": [0.23], "sigma": [0.027], "eta": [1.0], "relR": [1.0], "src": [0], "dst": [0], "init": {"type": "seed", "size": [44, 42, 1], "cells": [0.0, 0.0, 0.0, 0.0, 0.0, 0.0, 0.0, 0.0, 0.0, 0.0, 0.0, 0.0, 0.0, 0.0, 0.0, 0.0, 0.0, 0.0, 0.00392156862745098, 0.11372549019607843, 0.23137254901960785, 0.21176470588235294, 0.050980392156862744, 0.0, 0.0, 0.0, 0.0, 0.0, 0.0, 0.0, 0.0, 0.0, 0.0, 0.0, 0.0, 0.0, 0.0, 0.0, 0.0, 0.0, 0.0, 0.0, 0.0, 0.0, 0.0, 0.0, 0.0, 0.0, 0.0, 0.0, 0.0, 0.0, 0.0, 0.0, 0.0, 0.0, 0.0, 0.0, 0.0, 0.1450980392156863, 0.6352941176470588, 1.0, 1.0, 1.0, 0.9529411764705882, 0.47843137254901963, 0.0, 0.0, 0.0, 0.0, 0.0, 0.0, 0.0, 0.0, 0.0, 0.0, 0.0, 0.0, 0.0, 0.0, 0.0, 0.0, 0.0, 0.0, 0.0, 0.0, 0.0, 0.0, 0.0, 0.0, 0.0, 0.0, 0.0, 0.0, 0.0, 0.0, 0.0, 0.0, 0.0, 0.0, 0.0, 0.8313725490196079, 1.0, 1.0, 1.0, 1.0, 1.0, 1.0, 0.0, 0.0, 0.0, 0.0, 0.0, 0.0, 0.0, 0.0, 0.0, 0.0, 0.0, 0.0, 0.0, 0.0, 0.0, 0.0, 0.0, 0.0, 0.0, 0.0, 0.0, 0.0, 0.0, 0.0, 0.0, 0.0, 0.0, 0.0, 0.0, 0.0, 0.0, 0.0, 0.0, 0.0, 0.2196078431372549, 1.0, 1.0, 1.0, 1.0, 1.0, 1.0, 1.0, 0.0, 0.0, 0.0, 0.0, 0.0, 0.0, 0.0, 0.0, 0.0, 0.0, 0.0, 0.0, 0.0, 0.0, 0.0, 0.0, 0.0, 0.0, 0.0, 0.0, 0.0, 0.0, 0.0, 0.0, 0.0, 0.0, 0.0, 0.0, 0.0, 0.0, 0.0, 0.0, 0.0, 0.0, 1.0, 1.0, 1.0, 1.0, 1.0, 1.0, 1.0, 0.8980392156862745, 0.0, 0.0, 0.0, 0.0, 0.0, 0.0, 0.0, 0.0, 0.0, 0.0, 0.0, 0.0, 0.0, 0.0, 0.0, 0.0, 0.0, 0.0, 0.0, 0.0, 0.0, 0.0, 0.0, 0.0, 0.0, 0.0, 0.0, 0.0, 0.0, 0.0, 0.0, 0.0, 0.0, 0.0, 1.0, 1.0, 1.0, 1.0, 1.0, 1.0, 1.0, 0.9607843137254902, 0.0, 0.0, 0.0, 0.0, 0.0, 0.0, 0.0, 0.0, 0.0, 0.0, 0.0, 0.0, 0.0, 0.0, 0.0, 0.0, 0.0, 0.0, 0.0, 0.0, 0.0, 0.0, 0.0, 0.0, 0.0, 0.0, 0.0, 0.0, 0.0, 0.0, 0.0, 0.0, 0.0, 0.7686274509803922, 1.0, 1.0, 1.0, 1.0, 1.0, 1.0, 1.0, 1.0, 0.00392156862745098, 0.0, 0.0, 0.0, 0.0, 0.0, 0.0, 0.0, 0.0, 0.0, 0.0, 0.0, 0.0, 0.0, 0.0, 0.0, 0.0, 0.0, 0.0, 0.0, 0.0, 0.0, 0.0, 0.0, 0.0, 0.0, 0.0, 0.0, 0.0, 0.0, 0.0, 0.0, 0.0, 0.8588235294117647, 1.0, 1.0, 1.0, 0.6862745098039216, 0.5764705882352941, 1.0, 1.0, 1.0, 1.0, 0.0, 0.0, 0.0, 0.0, 0.0, 0.0, 0.0, 0.0, 0.0, 0.0, 0.0, 0.0, 0.23529411764705882, 0.10196078431372549, 0.0, 0.0, 0.0, 0.0, 0.0, 0.0, 0.0, 0.0, 0.0, 0.0, 0.0, 0.0, 0.0, 0.0, 0.0, 0.0, 0.0, 0.0, 0.9411764705882353, 1.0, 1.0, 0.6078431372549019, 0.0, 0.0, 0.0, 0.9607843137254902, 1.0, 1.0, 0.9411764705882353, 0.01568627450980392, 0.0, 0.0, 0.0, 0.0, 0.0, 0.0, 0.0, 0.0, 0.0, 0.2901960784313726, 0.9607843137254902, 1.0, 0.5098039215686274, 0.00392156862745098, 0.0, 0.0, 0.0, 0.0, 0.0, 0.0, 0.0, 0.0, 0.0, 0.0, 0.0, 0.0, 0.0, 0.0, 0.0, 0.0, 1.0, 1.0, 1.0, 0.0, 0.0, 0.0, 0.0, 0.0, 0.8588235294117647, 1.0, 1.0, 1.0, 0.4627450980392157, 0.00392156862745098, 0.0, 0.0, 0.0, 0.0, 0.0, 0.0, 0.0, 1.0, 1.0, 1.0, 1.0, 0.5686274509803921, 0.0, 0.0, 0.0, 0.0, 0.0, 0.0, 0.0, 0.0, 0.0, 0.0, 0.0, 0.0, 0.0, 0.0, 0.0, 0.0, 1.0, 1.0, 1.0, 0.0, 0.0, 0.0, 0.0, 0.0, 0.0, 0.3607843137254902, 0.9529411764705882, 1.0, 1.0, 1.0, 0.6823529411764706, 0.10196078431372549, 0.0, 0.0, 0.0, 0.058823529411764705, 0.9607843137254902, 1.0, 1.0, 1.0, 1.0, 1.0, 0.2823529411764706, 0.0, 0.0, 0.0, 0.0, 0.0, 0.0, 0.0, 0.0, 0.0, 0.0, 0.0, 0.0, 0.0, 0.0, 0.6039215686274509, 1.0, 1.0, 0.17647058823529413, 0.0, 0.0, 0.0, 0.0, 0.0, 0.0, 0.0, 0.0, 0.10980392156862745, 0.8196078431372549, 1.0, 1.0, 1.0, 1.0, 1.0, 1.0, 1.0, 1.0, 1.0, 1.0, 1.0, 1.0, 1.0, 0.6627450980392157, 0.0, 0.0, 0.0, 0.0, 0.0, 0.0, 0.0, 0.0, 0.0, 0.0, 0.0, 0.0, 0.0, 0.0, 1.0, 1.0, 1.0, 0.0, 0.0, 0.0, 0.0, 0.0, 0.0, 0.0, 0.0, 0.0, 0.0, 0.0, 0.0, 0.7568627450980392, 1.0, 1.0, 1.0, 1.0, 1.0, 1.0, 1.0, 1.0, 1.0, 1.0, 1.0, 0.7058823529411765, 0.0, 0.0, 0.0, 0.0, 0.0, 0.0, 0.0, 0.0, 0.0, 0.0, 0.0, 0.0, 0.0, 1.0, 1.0, 1.0, 1.0, 0.0, 0.0, 0.0, 0.0, 0.0, 0.0, 0.0, 0.0, 0.0, 0.0, 0.0, 0.0, 0.0, 0.0, 0.47843137254901963, 0.796078431372549, 0.9176470588235294, 0.984313725490196, 1.0, 1.0, 1.0, 1.0, 1.0, 1.0, 0.6274509803921569, 0.0, 0.0, 0.0, 0.0, 0.2627450980392157, 0.6941176470588235, 0.7333333333333333, 0.48627450980392156, 0.10196078431372549, 0.0, 0.0, 0.0, 0.047058823529411764, 1.0, 1.0, 1.0, 0.7333333333333333, 0.0, 0.0, 0.0, 0.0, 0.0, 0.0, 0.0, 0.0, 0.0, 0.0, 0.0, 0.0, 0.0, 0.0, 0.0, 0.0, 0.0, 0.0, 0.14901960784313725, 1.0, 1.0, 1.0, 1.0, 1.0, 0.07058823529411765, 0.0, 0.0, 0.0, 0.8705882352941177, 1.0, 1.0, 1.0, 1.0, 1.0, 0.45098039215686275, 0.01568627450980392, 0.0196078431372549, 1.0, 1.0, 1.0, 1.0, 0.615686274509804, 0.0, 0.0, 0.01568627450980392, 0.07450980392156863, 0.09019607843137255, 0.03137254901960784, 0.0, 0.0, 0.0, 0.0, 0.0, 0.0, 0.0, 0.0, 0.0, 0.0, 0.0, 0.0, 0.0, 0.7333333333333333, 1.0, 1.0, 1.0, 0.9647058823529412, 0.0, 0.0, 0.0, 0.5647058823529412, 1.0, 1.0, 1.0, 1.0, 1.0, 1.0, 1.0, 0.6078431372549019, 0.984313725490196, 1.0, 1.0, 1.0, 1.0, 0.9803921568627451, 0.25882352941176473, 0.3411764705882353, 0.8313725490196079, 1.0, 1.0, 0.5843137254901961, 0.3137254901960784, 0.09411764705882353, 0.0, 0.0, 0.0, 0.0, 0.0, 0.0, 0.0, 0.0, 0.0, 0.0, 0.0, 1.0, 1.0, 1.0, 1.0, 0.054901960784313725, 0.0, 0.0, 0.0, 1.0, 1.0, 1.0, 1.0, 1.0, 1.0, 1.0, 1.0, 1.0, 1.0, 1.0, 1.0, 1.0, 1.0, 1.0, 1.0, 1.0, 1.0, 1.0, 1.0, 1.0, 1.0, 0.9294117647058824, 0.4627450980392157, 0.17647058823529413, 0.0196078431372549, 0.0, 0.0, 0.0, 0.0, 0.0, 0.0, 0.0, 0.0, 1.0, 1.0, 1.0, 0.8235294117647058, 0.0, 0.0, 0.0, 0.34901960784313724, 1.0, 1.0, 1.0, 1.0, 1.0, 1.0, 1.0, 1.0, 1.0, 1.0, 1.0, 1.0, 1.0, 1.0, 1.0, 1.0, 1.0, 1.0, 1.0, 1.0, 1.0, 1.0, 1.0, 1.0, 1.0, 0.5529411764705883, 0.19607843137254902, 0.011764705882352941, 0.0, 0.0, 0.0, 0.0, 0.0, 1.0, 1.0, 1.0, 0.9058823529411765, 0.0, 0.0, 0.0, 0.0, 0.5882352941176471, 0.984313725490196, 1.0, 1.0, 1.0, 1.0, 1.0, 1.0, 1.0, 1.0, 1.0, 1.0, 1.0, 1.0, 1.0, 0.8274509803921568, 0.9450980392156862, 1.0, 1.0, 1.0, 1.0, 1.0, 1.0, 1.0, 1.0, 1.0, 1.0, 1.0, 0.2235294117647059, 0.0, 0.0, 0.0, 0.0, 0.054901960784313725, 1.0, 1.0, 1.0, 0.0, 0.0, 0.0, 0.0, 0.0, 0.3843137254901961, 0.7568627450980392, 1.0, 1.0, 1.0, 1.0, 1.0, 1.0, 1.0, 1.0, 1.0, 1.0, 1.0, 0.5882352941176471, 0.0, 0.0, 0.21176470588235294, 0.6784313725490196, 1.0, 1.0, 1.0, 1.0, 1.0, 1.0, 1.0, 1.0, 1.0, 1.0, 0.8196078431372549, 0.058823529411764705, 0.0, 0.0, 0.0, 1.0, 1.0, 1.0, 0.00392156862745098, 0.0, 0.0, 0.0, 0.0, 0.0, 0.0, 0.42745098039215684, 0.7411764705882353, 0.9882352941176471, 1.0, 1.0, 1.0, 1.0, 1.0, 1.0, 1.0, 1.0, 0.1568627450980392, 0.0, 0.0, 0.0, 0.0, 0.0, 0.3607843137254902, 0.7803921568627451, 1.0, 1.0, 1.0, 1.0, 1.0, 1.0, 1.0, 1.0, 1.0, 0.20784313725490197, 0.00392156862745098, 0.0, 0.4823529411764706, 1.0, 1.0, 1.0, 0.0, 0.0, 0.0, 0.0, 0.0, 0.0, 0.0, 0.0, 0.4392156862745098, 0.7686274509803922, 1.0, 1.0, 1.0, 1.0, 1.0, 1.0, 1.0, 0.17647058823529413, 0.0, 0.0, 0.0, 0.0, 0.0, 0.0, 0.0, 0.00784313725490196, 0.3333333333333333, 0.7137254901960784, 1.0, 1.0, 1.0, 1.0, 1.0, 1.0, 1.0, 0.5686274509803921, 0.19607843137254902, 0.33725490196078434, 1.0, 1.0, 1.0, 0.0, 0.0, 0.0, 0.0, 0.0, 0.0, 0.0, 0.0, 0.0, 0.0, 0.5411764705882353, 0.8470588235294118, 1.0, 1.0, 1.0, 1.0, 1.0, 1.0, 0.027450980392156862, 0.0, 0.0, 0.0, 0.0, 0.0, 0.0, 0.0, 0.0, 0.0, 0.0, 0.2784313725490196, 0.6588235294117647, 1.0, 1.0, 1.0, 1.0, 1.0, 1.0, 1.0, 1.0, 1.0, 1.0, 1.0, 0.0, 0.0, 0.0, 0.0, 0.0, 0.0, 0.0, 0.0, 0.0, 0.0, 0.07450980392156863, 0.6196078431372549, 0.8666666666666667, 1.0, 1.0, 1.0, 1.0, 1.0, 0.4117647058823529, 0.03137254901960784, 0.0, 0.0, 0.0, 0.0, 0.0, 0.0, 0.0, 0.0, 0.0, 0.0, 0.0, 0.19215686274509805, 0.4627450980392157, 0.7019607843137254, 0.9098039215686274, 1.0, 1.0, 1.0, 1.0, 1.0, 1.0, 1.0, 0.0, 0.0, 0.0, 0.0, 0.0, 0.0, 0.0, 0.0, 0.0, 0.0, 0.0, 0.06274509803921569, 0.5294117647058824, 0.7607843137254902, 0.984313725490196, 1.0, 1.0, 1.0, 1.0, 0.7215686274509804, 0.2901960784313726, 0.12941176470588237, 0.0784313725490196, 0.058823529411764705, 0.047058823529411764, 0.03137254901960784, 0.011764705882352941, 0.0, 0.0, 0.0, 0.0, 0.0, 0.0, 0.0, 0.13725490196078433,