{"worldSize": 128, "R": 27.0, "T": 10.0, "numKernels": 1, "betaLen": [3], "beta0": [0.16666666666666666], "beta1": [1.0], "beta2": [0.4166666666666667], "mu": [0.24], "sigma": [0.034], "eta": [1.0], "relR": [1.0], "src": [0], "dst": [0], "init": {"type": "seed", "size": [38, 37, 1], "cells": [0.0, 0.0, 0.0, 0.0, 0.0, 0.0, 0.0, 0.0, 0.0, 0.0, 0.0, 0.0, 0.0, 0.0, 0.0, 0.0, 0.0, 0.0, 0.0, 0.0, 0.0, 0.0, 0.0, 0.0, 0.13725490196078433, 0.2196078431372549, 0.0, 0.0, 0.0, 0.0, 0.0, 0.0, 0.0, 0.0, 0.0, 0.0, 0.0, 0.0, 0.0, 0.0, 0.0, 0.0, 0.0, 0.0, 0.0, 0.0, 0.0, 0.0, 0.0, 0.0, 0.0, 0.9294117647058824, 1.0, 1.0, 0.7529411764705882, 0.0, 0.0, 0.0, 0.0, 0.0, 0.0, 0.0, 0.19215686274509805, 0.23137254901960785, 0.0, 0.0, 0.0, 0.0, 0.0, 0.0, 0.0, 0.0, 0.0, 0.0, 0.0, 0.0, 0.0, 0.0, 0.0, 0.0, 0.0, 0.0, 0.0, 0.0, 0.0, 0.0, 0.0, 1.0, 1.0, 1.0, 1.0, 1.0, 0.9411764705882353, 0.0, 0.0, 0.0, 0.0, 0.0, 0.0, 0.0, 0.0, 0.00392156862745098, 0.0, 0.0, 0.0, 0.0, 0.0, 0.0, 0.0, 0.0, 0.0, 0.0, 0.0, 0.0, 0.0, 0.0, 0.0, 0.0, 0.0, 0.0, 0.0, 0.0, 0.0, 0.9921568627450981, 1.0, 1.0, 1.0, 1.0, 1.0, 1.0, 0.0, 0.0, 0.0, 0.0, 0.0, 0.0, 0.0, 0.0, 0.0, 0.0, 0.0, 0.0, 0.0, 0.0, 0.0, 0.0, 0.0, 0.0, 0.0, 0.0, 0.0, 0.0, 0.0, 0.0, 0.0, 0.0, 0.0, 0.0, 0.0, 0.0, 1.0, 1.0, 1.0, 1.0, 1.0, 1.0, 1.0, 0.0, 0.0, 0.0, 0.0, 0.0, 0.0, 0.0, 0.0, 0.0, 0.25882352941176473, 0.0, 0.0, 0.0, 0.0, 0.0, 0.0, 0.0, 0.0, 0.0, 0.0, 0.0, 0.0, 0.0, 0.0, 0.0, 0.0, 0.0, 0.0, 0.0, 0.0, 1.0, 1.0, 1.0, 1.0, 1.0, 1.0, 1.0, 0.0, 0.0, 0.0, 0.0, 0.0, 0.0, 0.0, 0.0, 0.09019607843137255, 0.6, 0.44313725490196076, 0.0, 0.0, 0.0, 0.0, 0.0, 0.0, 0.0, 0.0, 0.0, 0.0, 0.4117647058823529, 0.2901960784313726, 0.0, 0.0, 0.0, 0.0, 0.0, 0.0, 0.0, 0.9921568627450981, 1.0, 1.0, 1.0, 1.0, 1.0, 1.0, 0.0, 0.0, 0.0, 0.0, 0.0, 0.0, 0.0, 0.0, 0.5647058823529412, 0.9333333333333333, 0.7137254901960784, 0.0, 0.0, 0.0, 0.0, 0.0, 0.0, 0.0, 0.0, 0.0, 0.4627450980392157, 0.9372549019607843, 0.984313725490196, 0.0, 0.0, 0.0, 0.0, 0.0, 0.0, 0.0, 0.9607843137254902, 1.0, 1.0, 1.0, 1.0, 1.0, 0.9450980392156862, 0.0, 0.0, 0.0, 0.0, 0.0, 0.0, 0.0, 1.0, 1.0, 1.0, 0.7568627450980392, 0.0, 0.0, 0.0, 0.0, 0.0, 0.0, 0.0, 0.0, 0.0, 0.9294117647058824, 1.0, 1.0, 0.996078431372549, 0.0, 0.0, 0.0, 0.0, 0.0, 0.0, 0.9921568627450981, 1.0, 1.0, 1.0, 1.0, 1.0, 1.0, 0.0, 0.0, 0.0, 0.0, 0.0, 0.01568627450980392, 1.0, 1.0, 1.0, 1.0, 0.7215686274509804, 0.0, 0.0, 0.0, 0.0, 0.0, 0.0, 0.0, 0.0, 0.7529411764705882, 1.0, 1.0, 1.0, 1.0, 0.6862745098039216, 0.0, 0.0, 0.0, 0.0, 0.8470588235294118, 1.0, 1.0, 1.0, 1.0, 1.0, 1.0, 1.0, 0.0, 0.0, 0.0, 0.0, 0.17647058823529413, 1.0, 1.0, 1.0, 1.0, 1.0, 0.8274509803921568, 0.0, 0.0, 0.0, 0.0, 0.0, 0.0, 0.0, 0.0, 0.9529411764705882, 1.0, 1.0, 1.0, 1.0, 1.0, 0.9372549019607843, 0.5725490196078431, 0.6509803921568628, 0.9529411764705882, 1.0, 1.0, 1.0, 1.0, 0.8980392156862745, 1.0, 1.0, 1.0, 1.0, 0.23921568627450981, 0.1607843137254902, 0.7137254901960784, 1.0, 1.0, 1.0, 1.0, 1.0, 1.0, 1.0, 0.0, 0.0, 0.0, 0.0, 0.0, 0.0, 0.0, 0.0, 1.0, 1.0, 1.0, 1.0, 1.0, 1.0, 1.0, 1.0, 1.0, 1.0, 1.0, 1.0, 0.7686274509803922, 0.0, 0.0, 0.7725490196078432, 1.0, 1.0, 1.0, 1.0, 1.0, 1.0, 1.0, 1.0, 1.0, 1.0, 1.0, 1.0, 1.0, 0.0, 0.0, 0.0, 0.0, 0.0, 0.0, 0.0, 0.0, 0.9686274509803922, 1.0, 1.0, 1.0, 1.0, 1.0, 1.0, 1.0, 1.0, 1.0, 1.0, 0.19215686274509805, 0.0, 0.0, 0.0, 0.21176470588235294, 0.9764705882352941, 1.0, 1.0, 1.0, 1.0, 1.0, 1.0, 1.0, 1.0, 1.0, 1.0, 1.0, 1.0, 0.0, 0.0, 0.0, 0.0, 0.0, 0.0, 0.0, 0.0, 0.6196078431372549, 1.0, 1.0, 1.0, 1.0, 1.0, 1.0, 1.0, 1.0, 0.4627450980392157, 0.047058823529411764, 0.0, 0.0, 0.0, 0.0, 0.0, 0.48627450980392156, 0.9372549019607843, 1.0, 1.0, 1.0, 1.0, 1.0, 1.0, 1.0, 1.0, 1.0, 1.0, 1.0, 0.0, 0.0, 0.0, 0.0, 0.0, 0.0, 0.0, 0.0, 0.0, 0.43529411764705883, 0.9803921568627451, 1.0, 1.0, 1.0, 1.0, 0.807843137254902, 0.3215686274509804, 0.0392156862745098, 0.0, 0.0, 0.0, 0.0, 0.0, 0.0, 0.0, 0.3058823529411765, 0.47058823529411764, 0.6196078431372549, 0.8274509803921568, 1.0, 1.0, 1.0, 1.0, 1.0, 1.0, 1.0, 1.0, 0.0, 0.0, 0.0, 0.0, 0.0, 0.0, 0.0, 0.0, 0.0, 0.0, 0.0, 0.9647058823529412, 1.0, 1.0, 1.0, 0.6588235294117647, 0.1411764705882353, 0.0, 0.0, 0.0, 0.0, 0.0, 0.0, 0.0, 0.0, 0.0, 0.0, 0.0, 0.3607843137254902, 0.9529411764705882, 1.0, 1.0, 1.0, 1.0, 1.0, 0.7647058823529411, 0.3411764705882353, 0.0, 0.0, 0.0, 0.0, 0.0, 0.0, 0.0, 0.0, 0.0, 0.0, 0.0, 0.6745098039215687, 1.0, 1.0, 1.0, 0.8705882352941177, 0.3411764705882353, 0.0, 0.0, 0.0, 0.0, 0.0, 0.0, 0.0, 0.0, 0.0, 0.0, 0.0, 0.058823529411764705, 0.9098039215686274, 1.0, 1.0, 1.0, 0.11372549019607843, 0.0, 0.0, 0.0, 0.0, 0.0, 0.0, 0.48627450980392156, 0.37254901960784315, 0.12156862745098039, 0.0, 0.0, 0.0, 0.0, 0.0, 0.403921568627451, 1.0, 1.0, 1.0, 1.0, 0.7254901960784313, 0.32941176470588235, 0.0, 0.0, 0.0, 0.0, 0.0, 0.0, 0.0, 0.0, 0.0, 0.0, 0.0, 0.8627450980392157, 1.0, 1.0, 0.0, 0.0, 0.0, 0.0, 0.0, 0.0, 0.0, 0.4470588235294118, 0.9882352941176471, 1.0, 1.0, 0.5686274509803921, 0.0, 0.0, 0.0, 0.0, 0.4, 1.0, 1.0, 1.0, 1.0, 0.8352941176470589, 0.42745098039215684, 0.0, 0.0, 0.0, 0.0, 0.0, 0.0, 0.0, 0.0, 0.0, 0.0, 0.0, 0.8235294117647058, 1.0, 1.0, 0.0, 0.0, 0.0, 0.0, 0.0, 0.0, 0.0, 0.7411764705882353, 1.0, 1.0, 1.0, 1.0, 0.0, 0.0, 0.0, 0.0, 0.6745098039215687, 1.0, 1.0, 1.0, 1.0, 0.5607843137254902, 0.0, 0.0, 0.0, 0.0, 0.0, 0.0, 0.0, 0.0, 0.0, 0.0, 0.0, 0.0, 0.8509803921568627, 1.0, 1.0, 0.0, 0.0, 0.0, 0.0, 0.0, 0.0, 0.0, 0.8549019607843137, 1.0, 1.0, 1.0, 1.0, 0.0, 0.0, 0.0, 0.19607843137254902, 0.9725490196078431, 1.0, 1.0, 1.0, 0.7294117647058823, 0.07450980392156863, 0.0, 0.0, 0.0, 0.0, 0.0, 0.0, 0.0, 0.0, 0.0, 0.0, 0.0, 0.0, 0.9450980392156862, 1.0, 1.0, 0.0, 0.0, 0.0, 0.0, 0.0, 0.0, 0.0, 0.7686274509803922, 1.0, 1.0, 1.0, 1.0, 0.0, 0.0, 0.8352941176470589, 1.0, 1.0, 1.0, 1.0, 1.0, 0.6392156862745098, 0.10196078431372549, 0.0, 0.0, 0.0, 0.0, 0.0, 0.0, 0.0, 0.0, 0.0, 0.0, 0.0, 0.3215686274509804, 1.0, 1.0, 1.0, 1.0, 0.0, 0.0, 0.0, 0.0, 0.0, 0.0, 0.4470588235294118, 0.9882352941176471, 1.0, 1.0, 0.6313725490196078, 0.25882352941176473, 0.984313725490196, 1.0, 1.0, 1.0, 1.0, 1.0, 1.0, 1.0, 0.35294117647058826, 0.03529411764705882, 0.0, 0.0, 0.0, 0.0, 0.0, 0.0, 0.0, 0.16470588235294117, 0.2823529411764706, 0.43137254901960786, 0.7254901960784313, 1.0, 1.0, 1.0, 1.0, 1.0, 0.6352941176470588, 0.23529411764705882, 0.0, 0.0, 0.0, 0.0, 0.41568627450980394, 0.37254901960784315, 0.3215686274509804, 0.0, 0.8235294117647058, 1.0, 1.0, 1.0, 1.0, 1.0, 1.0, 1.0, 1.0, 1.0, 1.0, 0.1803921568627451, 0.0, 0.0, 0.0, 0.0, 0.1568627450980392, 0.6196078431372549, 0.8627450980392157, 0.9529411764705882, 0.9921568627450981, 1.0, 1.0, 1.0, 1.0, 1.0, 1.0, 1.0, 1.0, 0.28627450980392155, 0.0, 0.0, 0.0, 0.0, 0.0, 0.0, 0.0, 0.8784313725490196, 1.0, 1.0, 1.0, 1.0, 1.0, 1.0, 1.0, 1.0, 1.0, 1.0, 1.0, 0.5058823529411764, 0.0, 0.0, 0.0, 0.6862745098039216, 1.0, 1.0, 1.0, 1.0, 1.0, 1.0, 1.0, 1.0, 1.0, 1.0, 1.0, 1.0, 0.6470588235294118, 0.0, 0.0, 0.0, 0.0, 0.0, 0.0, 0.0, 0.807843137254902, 1.0, 1.0, 1.0, 1.0, 1.0, 1.0, 0.9333333333333333, 0.9019607843137255, 1.0, 1.0, 1.0, 1.0, 0.7254901960784313, 0.24313725490196078, 0.6352941176470588, 1.0, 1.0, 1.0, 1.0, 1.0, 1.0, 1.0, 1.0, 1.0, 1.0, 1.0, 1.0, 1.0, 0.9411764705882353, 0.0, 0.0, 0.0, 0.0, 0.0, 0.0, 0.0, 0.5176470588235295, 1.0, 1.0, 1.0, 1.0, 1.0, 0.0, 0.0, 0.0, 0.4980392156862745, 0.9882352941176471, 1.0, 1.0, 1.0, 0.9372549019607843, 1.0, 1.0, 1.0, 1.0, 1.0, 1.0, 1.0, 1.0, 1.0, 1.0, 1.0, 1.0, 1.0, 1.0, 0.5294117647058824, 0.0, 0.0, 0.0, 0.0, 0.0, 0.0, 0.0, 0.0, 0.9215686274509803, 1.0, 1.0, 1.0, 0.0, 0.0, 0.0, 0.0, 0.0, 0.5098039215686274, 1.0, 1.0, 1.0, 1.0, 1.0, 1.0, 1.0, 0.3607843137254902, 0.0, 0.0, 0.2196078431372549, 1.0, 1.0, 1.0, 1.0, 1.0, 1.0, 1.0, 0.0, 0.0, 0.0, 0.0, 0.0, 0.0, 0.0, 0.0, 0.0, 0.5215686274509804, 0.9568627450980393, 0.996078431372549, 0.0, 0.0, 0.0, 0.0, 0.0, 0.0, 0.0, 1.0, 1.0, 1.0, 1.0, 1.0, 1.0, 1.0, 0.0, 0.0, 0.0, 0.0, 0.0, 1.0, 1.0, 1.0, 1.0, 1.0, 1.0, 0.0, 0.0, 0.0, 0.0, 0.0, 0.0, 0.0, 0.0, 0.0, 0.0, 0.3607843137254902, 0.0, 0.0, 0.0, 