{"worldSize": 128, "R": 27.0, "T": 10.0, "numKernels": 1, "betaLen": [3], "beta0": [1.0], "beta1": [0.16666666666666666], "beta2": [0.3333333333333333], "mu": [0.28], "sigma": [0.033], "eta": [1.0], "relR": [1.0], "src": [0], "dst": [0], "init": {"type": "seed", "size": [27, 28, 1], "cells": [0.0, 0.0, 0.0, 0.0, 0.0, 0.0, 0.0, 0.0, 0.0, 0.0, 0.0, 0.0, 0.16862745098039217, 1.0, 1.0, 1.0, 1.0, 1.0, 0.7411764705882353, 0.0, 0.0, 0.0, 0.0, 0.0, 0.0, 0.0, 0.0, 0.0, 0.0, 0.0, 0.0, 0.0, 0.0, 0.0, 0.0, 0.0, 0.0, 0.0, 0.0, 1.0, 1.0, 1.0, 1.0, 1.0, 1.0, 1.0, 1.0, 1.0, 0.0, 0.0, 0.0, 0.0, 0.0, 0.0, 0.0, 0.0, 0.0, 0.0, 0.0, 0.0, 0.0, 0.0, 0.0, 0.0, 0.0, 0.0, 1.0, 1.0, 1.0, 1.0, 1.0, 1.0, 1.0, 1.0, 1.0, 1.0, 0.9803921568627451, 0.0, 0.0, 0.0, 0.0, 0.0, 0.0, 0.0, 0.0, 0.0, 0.0, 0.0, 0.0, 0.0, 0.0, 0.0, 0.0, 1.0, 1.0, 1.0, 1.0, 1.0, 1.0, 1.0, 1.0, 1.0, 1.0, 1.0, 1.0, 0.30980392156862746, 0.0, 0.0, 0.0, 0.0, 0.0, 0.0, 0.0, 0.0, 0.0, 0.0, 0.0, 0.0, 0.0, 0.0, 1.0, 1.0, 1.0, 1.0, 1.0, 1.0, 1.0, 1.0, 1.0, 1.0, 1.0, 1.0, 1.0, 0.9725490196078431, 0.0, 0.0, 0.0, 0.0, 0.0, 0.0, 0.0, 0.0, 0.0, 0.0, 0.0, 0.0, 0.0, 0.9019607843137255, 1.0, 1.0, 1.0, 0.984313725490196, 0.5725490196078431, 1.0, 1.0, 1.0, 0.9803921568627451, 1.0, 1.0, 1.0, 1.0, 1.0, 0.0, 0.0, 0.0, 0.0, 0.0, 0.0, 0.0, 0.0, 0.0, 0.0, 0.0, 0.0, 0.5529411764705883, 1.0, 1.0, 1.0, 0.4235294117647059, 0.0, 0.0, 1.0, 1.0, 1.0, 0.8705882352941177, 0.0, 0.2, 1.0, 1.0, 1.0, 0.8352941176470589, 0.0, 0.0, 0.0, 0.0, 0.0, 0.0, 0.0, 0.0, 0.0, 0.0, 0.2, 1.0, 1.0, 1.0, 1.0, 0.0, 0.0, 0.0, 1.0, 1.0, 1.0, 1.0, 0.0, 0.0, 0.06666666666666667, 1.0, 1.0, 1.0, 0.0, 0.0, 0.0, 0.0, 0.0, 0.0, 0.0, 0.0, 0.0, 0.0, 1.0, 1.0, 1.0, 1.0, 0.6901960784313725, 0.0, 0.0, 1.0, 1.0, 1.0, 1.0, 1.0, 0.0, 0.0, 0.0, 1.0, 1.0, 1.0, 0.7843137254901961, 0.0, 0.0, 0.0, 0.0, 0.0, 0.0, 0.0, 0.0, 0.7529411764705882, 1.0, 1.0, 1.0, 1.0, 1.0, 1.0, 1.0, 1.0, 1.0, 1.0, 1.0, 1.0, 0.21176470588235294, 0.0, 0.0, 1.0, 1.0, 1.0, 1.0, 0.0784313725490196, 0.0, 0.0, 0.0, 0.0, 0.0, 0.0, 0.054901960784313725, 1.0, 1.0, 1.0, 1.0, 1.0, 1.0, 1.0, 1.0, 1.0, 1.0, 1.0, 1.0, 1.0, 1.0, 0.29411764705882354, 0.4588235294117647, 1.0, 1.0, 1.0, 1.0, 0.9294117647058824, 0.0, 0.0, 0.0, 0.0, 0.0, 0.0, 0.7176470588235294, 1.0, 1.0, 1.0, 1.0, 1.0, 1.0, 1.0, 1.0, 1.0, 1.0, 1.0, 1.0, 1.0, 1.0, 1.0, 1.0, 1.0, 1.0, 1.0, 1.0, 1.0, 0.4470588235294118, 0.0, 0.0, 0.0, 0.0, 0.0, 1.0, 1.0, 1.0, 1.0, 1.0, 1.0, 1.0, 1.0, 1.0, 1.0, 1.0, 1.0, 1.0, 1.0, 1.0, 1.0, 1.0, 1.0, 1.0, 1.0, 1.0, 1.0, 1.0, 0.0, 0.0, 0.0, 0.0, 0.9725490196078431, 1.0, 1.0, 1.0, 1.0, 1.0, 1.0, 1.0, 1.0, 1.0, 0.9764705882352941, 0.0, 0.0, 0.0, 1.0, 1.0, 1.0, 1.0, 1.0, 1.0, 1.0, 1.0, 1.0, 1.0, 0.25098039215686274, 0.0, 0.0, 0.3411764705882353, 1.0, 1.0, 1.0, 0.6, 0.16470588235294117, 0.5686274509803921, 1.0, 1.0, 1.0, 1.0, 0.0, 0.0, 0.0, 0.0, 0.22745098039215686, 1.0, 1.0, 1.0, 1.0, 1.0, 1.0, 1.0, 1.0, 1.0, 1.0, 0.0, 0.0, 1.0, 1.0, 1.0, 1.0, 0.0, 0.0, 0.21176470588235294, 1.0, 1.0, 1.0, 1.0, 0.0, 0.0, 0.0, 0.0, 0.0, 1.0, 1.0, 1.0, 1.0, 1.0, 0.00784313725490196, 0.4549019607843137, 1.0, 1.0, 1.0, 0.0, 0.5137254901960784, 1.0, 1.0, 1.0, 0.0, 0.0, 0.0, 1.0, 1.0, 1.0, 1.0, 1.0, 0.0, 0.0, 0.0, 0.0, 1.0, 1.0, 1.0, 1.0, 1.0, 1.0, 0.0, 0.0392156862745098, 1.0, 1.0, 1.0, 0.16862745098039217, 0.9529411764705882, 1.0, 1.0, 1.0, 0.0, 0.0, 0.0, 1.0, 1.0, 1.0, 1.0, 1.0, 1.0, 0.0, 0.0, 0.0, 1.0, 1.0, 1.0, 1.0, 1.0, 1.0, 0.0, 0.023529411764705882, 1.0, 1.0, 1.0, 0.8941176470588236, 0.996078431372549, 1.0, 1.0, 1.0, 0.8901960784313725, 0.0, 0.796078431372549, 1.0, 1.0, 1.0, 1.0, 1.0, 1.0, 1.0, 1.0, 1.0, 1.0, 1.0, 1.0, 1.0, 1.0, 1.0, 0.2784313725490196, 0.2980392156862745, 1.0, 1.0, 1.0, 1.0, 0.996078431372549, 1.0, 1.0, 1.0, 1.0, 0.9294117647058824, 0.9803921568627451, 1.0, 1.0, 1.0, 1.0, 1.0, 1.0, 1.0, 1.0, 1.0, 1.0, 1.0, 1.0, 1.0, 1.0, 0.9137254901960784, 0.9058823529411765, 1.0, 1.0, 1.0, 1.0, 1.0, 0.984313725490196, 1.0, 1.0, 1.0, 1.0, 1.0, 1.0, 1.0, 1.0, 1.0, 1.0, 1.0, 1.0, 1.0, 1.0, 1.0, 1.0, 1.0, 1.0, 0.7490196078431373, 0.7686274509803922, 0.6588235294117647, 0.9647058823529412, 1.0, 1.0, 1.0, 1.0, 1.0, 0.7725490196078432, 1.0, 1.0, 1.0, 1.0, 1.0, 1.0, 0.7686274509803922, 0.011764705882352941, 0.0, 0.17254901960784313, 1.0, 1.0, 1.0, 1.0, 1.0, 1.0, 0.1450980392156863, 0.0, 0.0, 0.0, 0.043137254901960784, 1.0, 1.0, 1.0, 1.0, 1.0, 1.0, 0.0, 1.0, 1.0, 1.0, 1.0, 1.0, 1.0, 1.0, 0.10980392156862745, 0.0, 0.0, 0.027450980392156862, 1.0, 1.0, 1.0, 1.0, 1.0, 0.027450980392156862, 0.0, 0.0, 0.0, 0.9882352941176471, 1.0, 1.0, 1.0, 1.0, 1.0, 0.47058823529411764, 0.0, 0.00392156862745098, 1.0, 1.0, 1.0, 1.0, 1.0, 1.0, 1.0, 0.5803921568627451, 0.4745098039215686, 1.0, 1.0, 1.0, 1.0, 1.0, 1.0, 1.0, 0.3137254901960784, 0.3764705882352941, 1.0, 1.0, 1.0, 1.0, 1.0, 1.0, 1.0, 0.0, 0.0, 0.0, 0.01568627450980392, 1.0, 1.0, 1.0, 1.0, 1.0, 1.0, 1.0, 1.0, 1.0, 1.0, 1.0, 1.0, 1.0, 1.0, 1.0, 1.0, 1.0, 1.0, 1.0, 1.0, 1.0, 1.0, 1.0, 0.4470588235294118, 0.0, 0.0, 0.0, 0.0, 0.0, 0.00392156862745098, 0.9607843137254902, 1.0, 1.0, 1.0, 1.0, 1.0, 1.0, 1.0, 1.0, 1.0, 1.0, 1.0, 1.0, 1.0, 1.0, 1.0, 1.0, 1.0, 1.0, 1.0, 0.17254901960784313, 0.0, 0.0, 0.0, 0.0, 0.0, 0.0, 0.0, 0.0, 0.0, 0.0, 0.0, 0.4980392156862745, 0.8980392156862745, 1.0, 1.0, 1.0, 1.0, 1.0, 1.0, 1.0, 1.0, 1.0, 1.0, 1.0, 1.0, 0.23921568627450981, 0.0, 0.0, 0.0, 0.0]}, "name": "Hexalapillium trigonus", "mono": true}