{"worldSize": 128, "R": 27.0, "T": 10.0, "numKernels": 1, "betaLen": [3], "beta0": [1.0], "beta1": [0.75], "beta2": [0.3333333333333333], "mu": [0.31], "sigma": [0.038], "eta": [1.0], "relR": [1.0], "src": [0], "dst": [0], "init": {"type": "seed", "size": [30, 30, 1], "cells": [0.0, 0.0, 0.0, 0.0, 0.0, 0.0, 0.0, 0.0, 0.0, 0.0, 0.011764705882352941, 0.11372549019607843, 0.25882352941176473, 0.38823529411764707, 0.4745098039215686, 0.4980392156862745, 0.47058823529411764, 0.39215686274509803, 0.2784313725490196, 0.13333333333333333, 0.011764705882352941, 0.0, 0.0, 0.0, 0.0, 0.0, 0.0, 0.0, 0.0, 0.0, 0.0, 0.0, 0.0, 0.0, 0.0, 0.0, 0.0, 0.03529411764705882, 0.21176470588235294, 0.4666666666666667, 0.7568627450980392, 1.0, 1.0, 1.0, 1.0, 1.0, 1.0, 1.0, 1.0, 1.0, 0.8313725490196079, 0.49019607843137253, 0.17254901960784313, 0.0, 0.0, 0.0, 0.0, 0.0, 0.0, 0.0, 0.0, 0.0, 0.0, 0.0, 0.0, 0.10196078431372549, 0.42745098039215684, 0.8549019607843137, 1.0, 1.0, 1.0, 1.0, 1.0, 1.0, 1.0, 1.0, 1.0, 1.0, 1.0, 1.0, 1.0, 1.0, 1.0, 0.6470588235294118, 0.08627450980392157, 0.0, 0.0, 0.0, 0.0, 0.0, 0.0, 0.0, 0.0, 0.00392156862745098, 0.3568627450980392, 0.9647058823529412, 1.0, 1.0, 1.0, 1.0, 1.0, 1.0, 1.0, 1.0, 1.0, 1.0, 1.0, 1.0, 1.0, 1.0, 1.0, 1.0, 1.0, 1.0, 1.0, 0.1450980392156863, 0.0, 0.0, 0.0, 0.0, 0.0, 0.0, 0.00392156862745098, 0.4666666666666667, 1.0, 1.0, 1.0, 1.0, 1.0, 1.0, 1.0, 1.0, 1.0, 1.0, 1.0, 1.0, 1.0, 1.0, 1.0, 1.0, 1.0, 1.0, 1.0, 1.0, 1.0, 1.0, 0.0, 0.0, 0.0, 0.0, 0.0, 0.0, 0.3686274509803922, 1.0, 1.0, 1.0, 1.0, 1.0, 1.0, 1.0, 1.0, 1.0, 1.0, 1.0, 1.0, 1.0, 1.0, 1.0, 1.0, 1.0, 1.0, 1.0, 1.0, 1.0, 1.0, 1.0, 0.9098039215686274, 0.0, 0.0, 0.0, 0.0, 0.12941176470588237, 0.9803921568627451, 1.0, 1.0, 1.0, 1.0, 1.0, 1.0, 1.0, 1.0, 1.0, 0.984313725490196, 0.9529411764705882, 0.9176470588235294, 0.8823529411764706, 0.8941176470588236, 0.9725490196078431, 1.0, 1.0, 1.0, 1.0, 1.0, 1.0, 1.0, 1.0, 1.0, 0.0, 0.0, 0.0, 0.0, 0.403921568627451, 1.0, 1.0, 1.0, 1.0, 1.0, 1.0, 1.0, 1.0, 0.8392156862745098, 0.6, 0.42745098039215684, 0.36470588235294116, 0.3137254901960784, 0.1843137254901961, 0.07058823529411765, 0.18823529411764706, 0.6352941176470588, 1.0, 1.0, 1.0, 1.0, 1.0, 1.0, 1.0, 1.0, 1.0, 0.0, 0.0, 0.00784313725490196, 0.6431372549019608, 1.0, 1.0, 1.0, 1.0, 1.0, 1.0, 1.0, 0.7176470588235294, 0.08235294117647059, 0.0, 0.0, 0.0, 0.0, 0.0, 0.0, 0.0, 0.0, 0.43137254901960786, 1.0, 1.0, 1.0, 1.0, 1.0, 1.0, 1.0, 1.0, 0.0, 0.0, 0.047058823529411764, 0.7843137254901961, 1.0, 1.0, 1.0, 1.0, 1.0, 1.0, 0.7725490196078432, 0.0, 0.0, 0.0, 0.011764705882352941, 0.3333333333333333, 0.6, 0.32941176470588235, 0.0, 0.0, 0.0, 0.0, 0.7333333333333333, 1.0, 1.0, 1.0, 1.0, 1.0, 1.0, 1.0, 0.43137254901960786, 0.0, 0.09019607843137255, 1.0, 1.0, 1.0, 1.0, 1.0, 1.0, 0.9529411764705882, 0.023529411764705882, 0.0, 0.0, 0.00784313725490196, 0.5607843137254902, 1.0, 1.0, 1.0, 0.5372549019607843, 0.0, 0.0, 0.0, 0.00392156862745098, 1.0, 1.0, 1.0, 1.0, 1.0, 1.0, 1.0, 1.0, 0.0, 0.16862745098039217, 1.0, 1.0, 1.0, 1.0, 1.0, 1.0, 0.5686274509803921, 0.0, 0.0, 0.0, 0.3333333333333333, 1.0, 1.0, 1.0, 1.0, 1.0, 0.24705882352941178, 0.01568627450980392, 0.043137254901960784, 0.1411764705882353, 1.0, 1.0, 1.0, 1.0, 1.0, 1.0, 1.0, 1.0, 0.0, 0.30196078431372547, 1.0, 1.0, 1.0, 1.0, 1.0, 0.996078431372549, 0.10588235294117647, 0.0, 0.0, 0.09019607843137255, 1.0, 1.0, 1.0, 1.0, 1.0, 0.9725490196078431, 0.9764705882352941, 0.23529411764705882, 0.34901960784313724, 0.6235294117647059, 1.0, 1.0, 1.0, 1.0, 1.0, 1.0, 1.0, 1.0, 0.28627450980392155, 0.5372549019607843, 1.0, 1.0, 1.0, 1.0, 1.0, 0.9529411764705882, 0.0, 0.0, 0.011764705882352941, 0.5607843137254902, 1.0, 1.0, 0.8784313725490196, 0.2823529411764706, 0.0, 0.0, 0.27058823529411763, 0.29411764705882354, 0.7098039215686275, 1.0, 1.0, 1.0, 1.0, 1.0, 1.0, 1.0, 1.0, 1.0, 1.0, 0.796078431372549, 1.0, 1.0, 1.0, 1.0, 1.0, 0.9882352941176471, 0.3215686274509804, 0.0196078431372549, 0.39215686274509803, 1.0, 1.0, 0.4823529411764706, 0.0, 0.0, 0.0, 0.0, 0.0, 0.0, 0.8352941176470589, 1.0, 1.0, 1.0, 1.0, 0.9882352941176471, 1.0, 1.0, 1.0, 1.0, 1.0, 1.0, 1.0, 1.0, 1.0, 1.0, 1.0, 1.0, 1.0, 0.8784313725490196, 1.0, 1.0, 0.5098039215686274, 0.0, 0.0, 0.0, 0.0, 0.0, 0.0, 0.0, 0.6862745098039216, 1.0, 1.0, 1.0, 1.0, 0.9607843137254902, 1.0, 1.0, 1.0, 1.0, 0.9764705882352941, 1.0, 1.0, 1.0, 1.0, 1.0, 1.0, 1.0, 1.0, 1.0, 1.0, 0.996078431372549, 0.0, 0.0, 0.0, 0.0, 0.0, 0.0, 0.0, 0.0, 0.3803921568627451, 1.0, 1.0, 1.0, 1.0, 0.9058823529411765, 1.0, 1.0, 1.0, 1.0, 0.8549019607843137, 0.7725490196078432, 1.0, 1.0, 1.0, 1.0, 1.0, 1.0, 1.0, 1.0, 1.0, 1.0, 0.0, 0.0, 0.0, 0.0, 0.0, 0.0, 0.0, 0.0, 0.4627450980392157, 1.0, 1.0, 1.0, 0.8941176470588236, 0.792156862745098, 1.0, 1.0, 1.0, 1.0, 0.49411764705882355, 0.050980392156862744, 1.0, 1.0, 1.0, 1.0, 1.0, 1.0, 1.0, 1.0, 1.0, 1.0, 0.0, 0.0, 0.0, 0.0, 0.0, 0.0, 0.0, 0.054901960784313725, 1.0, 1.0, 1.0, 1.0, 0.6, 0.5803921568627451, 1.0, 1.0, 1.0, 0.9607843137254902, 0.0, 0.0, 1.0, 1.0, 1.0, 1.0, 1.0, 1.0, 0.9882352941176471, 1.0, 1.0, 1.0, 0.5764705882352941, 0.0, 0.0, 0.0, 0.0, 0.011764705882352941, 0.2784313725490196, 1.0, 1.0, 1.0, 1.0, 0.9176470588235294, 0.047058823529411764, 0.4627450980392157, 1.0, 1.0, 1.0, 0.5882352941176471, 0.0, 0.0, 1.0, 1.0, 1.0, 1.0, 1.0, 1.0, 0.5529411764705883, 1.0, 1.0, 1.0, 1.0, 1.0, 0.9411764705882353, 0.8666666666666667, 1.0, 1.0, 1.0, 1.0, 1.0, 1.0, 1.0, 0.6039215686274509, 0.0, 0.6941176470588235, 1.0, 1.0, 0.9921568627450981, 0.0, 0.0, 0.0, 0.0, 1.0, 1.0, 1.0, 1.0, 1.0, 0.0, 0.8196078431372549, 1.0, 1.0, 1.0, 1.0, 1.0, 1.0, 1.0, 1.0, 1.0, 1.0, 1.0, 1.0, 1.0, 0.20784313725490197, 0.00392156862745098, 1.0, 1.0, 1.0, 0.6274509803921569, 0.0, 0.0, 0.0, 0.0, 0.0, 1.0, 1.0, 1.0, 1.0, 0.03529411764705882, 0.38823529411764707, 1.0, 1.0, 1.0, 1.0, 1.0, 1.0, 1.0, 1.0, 1.0, 1.0, 1.0, 1.0, 0.9686274509803922, 0.09411764705882353, 0.5843137254901961, 1.0, 1.0, 1.0, 0.0, 0.0, 0.0, 0.0, 0.0, 0.0, 0.6980392156862745, 1.0, 1.0, 1.0, 1.0, 0.39215686274509803, 1.0, 1.0, 1.0, 1.0, 1.0, 1.0, 1.0, 1.0, 1.0, 1.0, 1.0, 1.0, 1.0, 0.7607843137254902, 1.0, 1.0, 1.0, 0.6039215686274509, 0.0, 0.0, 0.0, 0.0, 0.0, 0.0, 0.0, 1.0, 1.0, 1.0, 1.0, 1.0, 1.0, 1.0, 1.0, 1.0, 1.0, 1.0, 0.9647058823529412, 0.9176470588235294, 0.8784313725490196, 0.8901960784313725, 0.9921568627450981, 1.0, 1.0, 1.0, 1.0, 1.0, 0.9411764705882353, 0.0, 0.0, 0.0, 0.0, 0.0, 0.0, 0.0, 0.0, 0.0, 1.0, 1.0, 1.0, 1.0, 1.0, 1.0, 1.0, 1.0, 0.996078431372549, 0.6274509803921569, 0.2823529411764706, 0.1411764705882353, 0.24313725490196078, 0.6823529411764706, 1.0, 1.0, 1.0, 1.0, 1.0, 0.996078431372549, 0.23921568627450981, 0.0, 0.0, 0.0, 0.0, 0.0, 0.0, 0.0, 0.0, 0.0, 0.3137254901960784, 1.0, 1.0, 1.0, 1.0, 1.0, 1.0, 1.0, 1.0, 0.42745098039215684, 0.01568627450980392, 0.011764705882352941, 0.30196078431372547, 1.0, 1.0, 1.0, 1.0, 1.0, 0.996078431372549, 0.48627450980392156, 0.0, 0.0, 0.0, 0.0, 0.0, 0.0, 0.0, 0.0, 0.0, 0.0, 0.0, 0.3803921568627451, 1.0, 1.0, 1.0, 1.0, 1.0, 1.0, 1.0, 1.0, 1.0, 1.0, 1.0, 1.0, 1.0, 1.0, 1.0, 0.9215686274509803, 0.40784313725490196, 0.0, 0.0, 0.0, 0.0, 0.0, 0.0, 0.0, 0.0, 0.0, 0.0, 0.0, 0.0, 0.0, 0.1568627450980392, 0.8588235294117647, 1.0, 1.0, 1.0, 1.0, 1.0, 1.0, 1.0, 1.0, 1.0, 1.0, 1.0, 0.8666666666666667, 0.49019607843137253, 0.0, 0.0, 0.0, 0.0, 0.0, 0.0, 0.0, 0.0, 0.0, 0.0, 0.0, 0.0, 0.0, 0.0, 0.0, 0.0, 0.0, 0.20392156862745098, 0.5215686274509804, 0.6980392156862745, 0.8156862745098039, 0.8862745098039215, 0.9098039215686274, 0.9058823529411765, 0.8470588235294118, 0.6862745098039216, 0.37254901960784315, 0.0, 0.0, 0.0, 0.0, 0.0, 0.0, 0.0, 0.0, 0.0, 0.0, 0.0]}, "name": "Pentabullium saliens", "mono": true}