{"worldSize": 128, "R": 27.0, "T": 10.0, "numKernels": 1, "betaLen": [3], "beta0": [1.0], "beta1": [0.9166666666666666], "beta2": [0.5], "mu": [0.29], "sigma": [0.033], "eta": [1.0], "relR": [1.0], "src": [0], "dst": [0], "init": {"type": "seed", "size": [30, 31, 1], "cells": [0.0, 0.0, 0.0, 0.0, 0.0, 0.0, 0.0, 0.0, 0.0, 0.0, 0.0, 0.0, 0.0, 0.4470588235294118, 0.8509803921568627, 1.0, 1.0, 1.0, 1.0, 0.9686274509803922, 0.7843137254901961, 0.0, 0.0, 0.0, 0.0, 0.0, 0.0, 0.0, 0.0, 0.0, 0.0, 0.0, 0.0, 0.0, 0.0, 0.0, 0.0, 0.0, 0.0, 0.0, 0.0, 0.0, 0.5215686274509804, 0.9490196078431372, 1.0, 1.0, 1.0, 1.0, 1.0, 1.0, 1.0, 1.0, 1.0, 0.5686274509803921, 0.0, 0.0, 0.0, 0.0, 0.0, 0.0, 0.0, 0.0, 0.0, 0.0, 0.0, 0.0, 0.0, 0.0, 0.0, 0.0, 0.15294117647058825, 0.9607843137254902, 1.0, 1.0, 1.0, 1.0, 1.0, 1.0, 1.0, 1.0, 1.0, 1.0, 1.0, 1.0, 1.0, 0.7764705882352941, 0.0, 0.0, 0.0, 0.0, 0.0, 0.0, 0.0, 0.0, 0.0, 0.0, 0.0, 0.0, 0.0, 0.0196078431372549, 1.0, 1.0, 1.0, 1.0, 1.0, 1.0, 1.0, 1.0, 0.3254901960784314, 0.3215686274509804, 1.0, 1.0, 1.0, 1.0, 1.0, 1.0, 1.0, 0.8509803921568627, 0.0, 0.0, 0.0, 0.0, 0.0, 0.0, 0.0, 0.0, 0.0, 0.0, 0.0, 0.41568627450980394, 1.0, 1.0, 1.0, 1.0, 1.0, 1.0, 1.0, 0.9333333333333333, 0.12549019607843137, 0.0, 0.0, 0.5137254901960784, 0.984313725490196, 1.0, 1.0, 1.0, 1.0, 1.0, 1.0, 0.8901960784313725, 0.0, 0.0, 0.0, 0.0, 0.0, 0.0, 0.0, 0.0, 0.0, 0.0, 1.0, 1.0, 1.0, 1.0, 1.0, 1.0, 1.0, 1.0, 1.0, 0.9803921568627451, 0.8627450980392157, 0.8980392156862745, 0.9411764705882353, 0.996078431372549, 1.0, 1.0, 1.0, 1.0, 1.0, 1.0, 1.0, 0.8901960784313725, 0.0, 0.0, 0.0, 0.0, 0.0, 0.0, 0.0, 0.0, 0.9607843137254902, 1.0, 1.0, 1.0, 1.0, 1.0, 1.0, 1.0, 1.0, 1.0, 1.0, 1.0, 1.0, 1.0, 1.0, 1.0, 1.0, 1.0, 0.6352941176470588, 0.8862745098039215, 1.0, 1.0, 1.0, 0.7568627450980392, 0.0, 0.0, 0.0, 0.0, 0.0, 0.0, 0.0, 1.0, 1.0, 1.0, 1.0, 0.9803921568627451, 0.36470588235294116, 0.6784313725490196, 0.996078431372549, 1.0, 1.0, 1.0, 1.0, 1.0, 1.0, 1.0, 1.0, 1.0, 1.0, 0.7176470588235294, 0.03529411764705882, 0.29411764705882354, 1.0, 1.0, 1.0, 0.4745098039215686, 0.0, 0.0, 0.0, 0.0, 0.0, 0.2784313725490196, 1.0, 1.0, 1.0, 1.0, 0.0, 0.0, 0.6784313725490196, 1.0, 1.0, 1.0, 1.0, 1.0, 1.0, 1.0, 1.0, 1.0, 1.0, 1.0, 1.0, 0.0, 0.0, 1.0, 1.0, 1.0, 0.996078431372549, 0.23529411764705882, 0.0, 0.0, 0.0, 0.0, 0.6705882352941176, 1.0, 1.0, 1.0, 0.7372549019607844, 0.0, 0.0, 1.0, 1.0, 1.0, 1.0, 1.0, 1.0, 1.0, 1.0, 1.0, 1.0, 1.0, 1.0, 1.0, 0.5647058823529412, 0.0, 0.7019607843137254, 1.0, 1.0, 1.0, 0.8862745098039215, 0.0, 0.0, 0.0, 0.0, 0.9490196078431372, 1.0, 1.0, 1.0, 0.6862745098039216, 0.027450980392156862, 0.39215686274509803, 1.0, 1.0, 1.0, 1.0, 1.0, 0.25882352941176473, 0.1607843137254902, 0.5411764705882353, 1.0, 1.0, 1.0, 1.0, 1.0, 0.9686274509803922, 0.5294117647058824, 0.8, 1.0, 1.0, 1.0, 1.0, 0.0, 0.0, 0.0, 0.011764705882352941, 1.0, 1.0, 1.0, 1.0, 1.0, 0.43529411764705883, 1.0, 1.0, 1.0, 1.0, 1.0, 0.0, 0.0, 0.0, 0.0, 0.0392156862745098, 1.0, 1.0, 1.0, 1.0, 1.0, 0.9254901960784314, 0.9607843137254902, 1.0, 1.0, 1.0, 1.0, 0.6, 0.0, 0.07450980392156863, 0.1607843137254902, 1.0, 1.0, 1.0, 1.0, 1.0, 1.0, 1.0, 1.0, 1.0, 1.0, 0.6862745098039216, 0.0, 0.0, 0.0, 0.0, 0.0, 0.11764705882352941, 1.0, 1.0, 1.0, 1.0, 1.0, 1.0, 1.0, 1.0, 1.0, 1.0, 0.4117647058823529, 0.0784313725490196, 0.3764705882352941, 0.6823529411764706, 1.0, 1.0, 1.0, 1.0, 1.0, 1.0, 1.0, 1.0, 1.0, 1.0, 0.0, 0.0, 0.0, 0.0, 0.0, 0.0, 0.0, 1.0, 1.0, 1.0, 1.0, 1.0, 1.0, 1.0, 1.0, 1.0, 1.0, 0.10980392156862745, 0.23137254901960785, 0.7411764705882353, 1.0, 1.0, 1.0, 1.0, 1.0, 0.9921568627450981, 1.0, 1.0, 1.0, 1.0, 1.0, 0.1411764705882353, 0.0, 0.0, 0.0, 0.0, 0.0, 0.0, 1.0, 1.0, 1.0, 1.0, 1.0, 0.984313725490196, 1.0, 1.0, 1.0, 1.0, 0.01568627450980392, 0.2980392156862745, 1.0, 1.0, 1.0, 1.0, 1.0, 0.9647058823529412, 0.615686274509804, 0.7058823529411765, 1.0, 1.0, 1.0, 1.0, 0.788235294117647, 0.0, 0.0, 0.0, 0.0, 0.0, 1.0, 1.0, 1.0, 1.0, 1.0, 1.0, 0.45098039215686275, 1.0, 1.0, 1.0, 0.9647058823529412, 0.0, 0.2196078431372549, 1.0, 1.0, 1.0, 1.0, 1.0, 0.8156862745098039, 0.0, 0.0, 0.8117647058823529, 1.0, 1.0, 1.0, 1.0, 0.34901960784313724, 0.0, 0.0, 0.0, 0.5254901960784314, 1.0, 1.0, 1.0, 1.0, 1.0, 0.023529411764705882, 0.15294117647058825, 1.0, 1.0, 1.0, 0.2823529411764706, 0.0, 0.01568627450980392, 0.9647058823529412, 1.0, 1.0, 1.0, 1.0, 0.9215686274509803, 0.0, 0.0, 0.011764705882352941, 1.0, 1.0, 1.0, 1.0, 1.0, 0.8823529411764706, 0.8117647058823529, 0.996078431372549, 1.0, 1.0, 1.0, 1.0, 1.0, 0.7098039215686275, 0.0, 0.054901960784313725, 1.0, 1.0, 1.0, 0.0, 0.0, 0.0, 0.5607843137254902, 1.0, 1.0, 1.0, 1.0, 1.0, 0.6745098039215687, 0.0, 0.0196078431372549, 0.8274509803921568, 1.0, 1.0, 1.0, 1.0, 1.0, 1.0, 1.0, 1.0, 1.0, 1.0, 1.0, 1.0, 0.10588235294117647, 0.0, 0.6274509803921569, 1.0, 1.0, 0.9450980392156862, 0.0, 0.0, 0.0, 0.0, 0.9411764705882353, 1.0, 1.0, 1.0, 1.0, 1.0, 1.0, 0.2235294117647059, 0.7725490196078432, 1.0, 1.0, 1.0, 1.0, 1.0, 1.0, 1.0, 1.0, 1.0, 1.0, 1.0, 0.8470588235294118, 0.23137254901960785, 0.3058823529411765, 1.0, 1.0, 1.0, 0.5137254901960784, 0.0, 0.0, 0.0, 0.0, 0.0, 0.9764705882352941, 1.0, 1.0, 1.0, 1.0, 1.0, 1.0, 1.0, 1.0, 1.0, 1.0, 1.0, 1.0, 1.0, 1.0, 1.0, 1.0, 1.0, 1.0, 0.8666666666666667, 0.7176470588235294, 1.0, 1.0, 1.0, 1.0, 0.07450980392156863, 0.0, 0.0, 0.0, 0.0, 0.0, 0.0, 0.796078431372549, 1.0, 1.0, 1.0, 1.0, 1.0, 1.0, 1.0, 1.0, 0.9411764705882353, 0.7490196078431373, 0.5137254901960784, 0.44313725490196076, 0.4588235294117647, 0.9529411764705882, 1.0, 1.0, 1.0, 0.9921568627450981, 1.0, 1.0, 1.0, 1.0, 0.9882352941176471, 0.0, 0.0, 0.0, 0.0, 0.0, 0.0, 0.0, 0.0, 0.1803921568627451, 1.0, 1.0, 1.0, 1.0, 1.0, 1.0, 0.9882352941176471, 0.6862745098039216, 0.1607843137254902, 0.0, 0.0, 0.08235294117647059, 0.5411764705882353, 1.0, 1.0, 1.0, 1.0, 1.0, 1.0, 1.0, 1.0, 0.8627450980392157, 0.0, 0.0, 0.0, 0.0, 0.0, 0.0, 0.0, 0.0, 0.0, 0.09019607843137255, 1.0, 1.0, 1.0, 1.0, 1.0, 1.0, 0.8352941176470589, 0.5019607843137255, 0.27058823529411763, 0.4627450980392157, 1.0, 1.0, 1.0, 1.0, 1.0, 1.0, 1.0, 1.0, 1.0, 1.0, 0.7843137254901961, 0.0, 0.0, 0.0, 0.0, 0.0, 0.0, 0.0, 0.0, 0.0, 0.08235294117647059, 0.38823529411764707, 1.0, 1.0, 1.0, 1.0, 1.0, 1.0, 1.0, 1.0, 1.0, 1.0, 1.0, 1.0, 1.0, 1.0, 1.0, 1.0, 1.0, 1.0, 1.0, 0.1450980392156863, 0.0, 0.0, 0.0, 0.0, 0.0, 0.0, 0.0, 0.0, 0.0, 0.11764705882352941, 0.4392156862745098, 1.0, 1.0, 1.0, 1.0, 1.0, 1.0, 1.0, 1.0, 1.0, 1.0, 1.0, 1.0, 1.0, 1.0, 1.0, 1.0, 1.0, 1.0, 0.4980392156862745, 0.0, 0.0, 0.0, 0.0, 0.0, 0.0, 0.0, 0.0, 0.0, 0.0, 0.07058823529411765, 0.41568627450980394, 1.0, 1.0, 1.0, 1.0, 1.0, 1.0, 1.0, 1.0, 1.0, 1.0, 1.0, 1.0, 0.44313725490196076, 0.6549019607843137, 0.8823529411764706, 1.0, 0.9019607843137255, 0.4745098039215686, 0.0, 0.0, 0.0, 0.0, 0.0, 0.0, 0.0, 0.0, 0.0, 0.0, 0.0, 0.0, 0.16470588235294117, 0.6470588235294118, 1.0, 1.0, 1.0, 1.0, 1.0, 1.0, 1.0, 0.9568627450980393, 0.47843137254901963, 0.0, 0.00784313725490196, 0.09803921568627451, 0.25882352941176473, 0.40784313725490196, 0.43529411764705883, 0.24705882352941178, 0.0, 0.0, 0.0, 0.0, 0.0, 0.0, 0.0, 0.0, 0.0, 0.0, 0.0, 0.0, 0.0, 0.0, 0.09803921568627451, 0.49019607843137253, 1.0, 1.0, 1.0, 1.0, 0.9921568627450981, 0.7411764705882353, 0.11372549019607843, 0.0, 0.0, 0.0, 0.00392156862745098, 0.043137254901960784, 0.06274509803921569, 0.01568627450980392, 0.0, 0.0, 0.0, 0.0, 0.0, 0.0, 0.0, 0.0, 0.0, 0.0, 0.0, 0.0, 0.0, 0.0, 0.0, 0.0, 0.0, 0.08235294117647059, 0.25098039215686274, 0.3843137254901961, 0.3215686274509804, 0.0, 0.0, 0.0, 0.0, 0.0, 0.0, 0.0, 0.0, 0.0, 0.0, 0.0, 0.0, 0.0, 0.0, 0.0, 0.0, 0.0]}, "name": "Hexalapillium volubilis", "mono": true}