{"worldSize": 128, "R": 27.0, "T": 10.0, "numKernels": 1, "betaLen": [3], "beta0": [0.5833333333333334], "beta1": [0.08333333333333333], "beta2": [1.0], "mu": [0.26], "sigma": [0.037], "eta": [1.0], "relR": [1.0], "src": [0], "dst": [0], "init": {"type": "seed", "size": [46, 47, 1], "cells": [0.0, 0.0, 0.0, 0.0, 0.0, 0.0, 0.0, 0.0, 0.0, 0.0, 0.0, 0.0, 0.0, 0.0, 0.0, 0.0, 0.0, 0.0, 0.0, 0.0, 0.0, 0.054901960784313725, 0.3137254901960784, 0.4235294117647059, 0.3843137254901961, 0.18823529411764706, 0.0, 0.0, 0.0, 0.0, 0.0, 0.0, 0.0, 0.0, 0.0, 0.0, 0.0, 0.0, 0.0, 0.0, 0.0, 0.0, 0.0, 0.0, 0.0, 0.0, 0.0, 0.0, 0.0, 0.0, 0.0, 0.0, 0.0, 0.0, 0.0, 0.0, 0.0, 0.0, 0.0, 0.0, 0.0, 0.0, 0.0, 0.0, 0.0, 0.0, 0.0, 0.34509803921568627, 0.5686274509803921, 0.6666666666666666, 0.6823529411764706, 0.6823529411764706, 0.615686274509804, 0.4470588235294118, 0.11764705882352941, 0.0, 0.0, 0.0, 0.0, 0.0, 0.0, 0.0, 0.0, 0.0, 0.0, 0.0, 0.0, 0.0, 0.0, 0.0, 0.0, 0.0, 0.0, 0.0, 0.0, 0.0, 0.0, 0.0, 0.0, 0.0, 0.0, 0.0, 0.0, 0.0, 0.0, 0.0, 0.0, 0.0, 0.0, 0.0, 0.0, 0.0, 0.2196078431372549, 0.7843137254901961, 1.0, 1.0, 1.0, 0.9764705882352941, 0.984313725490196, 1.0, 1.0, 0.9098039215686274, 0.4588235294117647, 0.0, 0.0, 0.0, 0.0, 0.0, 0.0, 0.0, 0.0, 0.0, 0.0, 0.0, 0.0, 0.0, 0.0, 0.0, 0.0, 0.0, 0.0, 0.0, 0.0, 0.0, 0.0, 0.0, 0.0, 0.0, 0.0, 0.0, 0.0, 0.0, 0.0, 0.0, 0.0, 0.0, 0.0, 0.0, 0.12549019607843137, 1.0, 1.0, 1.0, 1.0, 1.0, 1.0, 1.0, 1.0, 1.0, 1.0, 1.0, 0.5019607843137255, 0.0, 0.0, 0.0, 0.0, 0.0, 0.0, 0.0, 0.0, 0.0, 0.0, 0.0, 0.0, 0.0, 0.0, 0.0, 0.0, 0.0, 0.0, 0.0, 0.0, 0.0, 0.0, 0.0, 0.0, 0.0, 0.0, 0.0, 0.0, 0.0, 0.0, 0.0, 0.0, 0.0, 0.0, 0.8352941176470589, 1.0, 1.0, 1.0, 1.0, 1.0, 1.0, 1.0, 1.0, 1.0, 1.0, 1.0, 1.0, 0.0, 0.0, 0.0, 0.0, 0.0, 0.0, 0.0, 0.0, 0.0, 0.0, 0.0, 0.0, 0.0, 0.0, 0.0, 0.0, 0.0, 0.0, 0.0, 0.0, 0.0, 0.0, 0.0, 0.0, 0.0, 0.0, 0.0, 0.0, 0.0, 0.0, 0.0, 0.0, 0.0, 0.0, 1.0, 1.0, 1.0, 1.0, 1.0, 1.0, 1.0, 1.0, 1.0, 1.0, 1.0, 1.0, 1.0, 0.5529411764705883, 0.0, 0.0, 0.0, 0.0, 0.0, 0.0, 0.0, 0.0, 0.0, 0.0, 0.0, 0.0, 0.0, 0.0, 0.0, 0.0, 0.0, 0.0, 0.0, 0.0, 0.0, 0.0, 0.0, 0.0, 0.0, 0.0, 0.0, 0.0, 0.0, 0.0, 0.0, 0.0, 0.2, 1.0, 1.0, 1.0, 1.0, 0.996078431372549, 0.3215686274509804, 0.0, 0.1411764705882353, 0.8745098039215686, 1.0, 1.0, 1.0, 1.0, 0.6470588235294118, 0.0, 0.0, 0.0, 0.0, 0.0, 0.0, 0.0, 0.0, 0.0, 0.0, 0.0, 0.0, 0.0, 0.0, 0.0, 0.0, 0.0, 0.0, 0.0, 0.0, 0.0, 0.0, 0.0, 0.0, 0.0, 0.0, 0.0, 0.0, 0.0, 0.0, 0.0, 0.0, 0.17647058823529413, 1.0, 1.0, 1.0, 1.0, 0.9215686274509803, 0.0, 0.0, 0.0, 0.49411764705882355, 1.0, 1.0, 1.0, 1.0, 0.6509803921568628, 0.0, 0.0, 0.0, 0.0, 0.0, 0.0, 0.0, 0.0, 0.0, 0.0, 0.0, 0.0, 0.0, 0.0, 0.0, 0.0, 0.0, 0.0, 0.0, 0.0, 0.0, 0.0, 0.0, 0.0, 0.0, 0.0, 0.0, 0.0, 0.0, 0.0, 0.0, 0.0, 0.0, 0.788235294117647, 1.0, 1.0, 1.0, 1.0, 0.33725490196078434, 0.0, 0.09019607843137255, 1.0, 1.0, 1.0, 1.0, 1.0, 0.4117647058823529, 0.0, 0.0, 0.0, 0.0, 0.0, 0.0, 0.0, 0.0, 0.0, 0.0, 0.0, 0.0, 0.0, 0.0, 0.0, 0.0, 0.0, 0.0, 0.0, 0.0, 0.0, 0.0, 0.0, 0.0, 0.0, 0.0, 0.0, 0.0, 0.0, 0.0, 0.0, 0.0, 0.0, 0.3058823529411765, 0.7333333333333333, 1.0, 1.0, 1.0, 1.0, 0.792156862745098, 1.0, 1.0, 1.0, 1.0, 0.9490196078431372, 0.4588235294117647, 0.0, 0.0, 0.0, 0.0, 0.0, 0.0, 0.0, 0.0, 0.0, 0.0, 0.0, 0.0, 0.0, 0.0, 0.0, 0.0, 0.0, 0.0, 0.0, 0.0, 0.0, 0.0, 0.0, 0.0, 0.0, 0.0, 0.0, 0.0, 0.0, 0.0, 0.0, 0.0, 0.0, 0.0, 0.0, 0.3568627450980392, 0.9372549019607843, 1.0, 1.0, 1.0, 1.0, 1.0, 1.0, 1.0, 1.0, 0.47843137254901963, 0.09411764705882353, 0.0, 0.0, 0.0, 0.0, 0.0, 0.0, 0.0, 0.0, 0.0, 0.0, 0.0, 0.0, 0.0, 0.0, 0.0, 0.0, 0.0, 0.0, 0.0, 0.0, 0.0, 0.0, 0.0, 0.0, 0.0, 0.0, 0.0, 0.0, 0.0, 0.0, 0.0, 0.0, 0.0, 0.0, 0.2784313725490196, 0.6039215686274509, 1.0, 1.0, 1.0, 1.0, 1.0, 1.0, 1.0, 1.0, 1.0, 0.615686274509804, 0.2235294117647059, 0.0, 0.0, 0.0, 0.0, 0.0, 0.0, 0.0, 0.0, 0.0, 0.0, 0.0, 0.0, 0.0, 0.0, 0.0, 0.0, 0.0, 0.0, 0.0, 0.0, 0.0, 0.41568627450980394, 0.9058823529411765, 1.0, 1.0, 0.9411764705882353, 0.6784313725490196, 0.0, 0.0, 0.0, 0.0, 0.0, 0.40784313725490196, 0.7372549019607844, 1.0, 1.0, 1.0, 1.0, 1.0, 1.0, 0.8352941176470589, 1.0, 1.0, 1.0, 1.0, 1.0, 0.9921568627450981, 0.6352941176470588, 0.34509803921568627, 0.0, 0.0, 0.0, 0.0, 0.0, 0.0, 0.5254901960784314, 0.6823529411764706, 0.7450980392156863, 0.4235294117647059, 0.011764705882352941, 0.0, 0.0, 0.0, 0.0, 0.0, 0.0, 0.0, 0.5372549019607843, 1.0, 1.0, 1.0, 1.0, 1.0, 1.0, 0.7529411764705882, 0.0, 0.0, 0.0, 0.5137254901960784, 1.0, 1.0, 1.0, 1.0, 1.0, 1.0, 0.32941176470588235, 0.03529411764705882, 0.0, 0.0, 0.24705882352941178, 1.0, 1.0, 1.0, 1.0, 1.0, 1.0, 0.5098039215686274, 0.0, 0.0, 0.0, 0.3176470588235294, 0.9647058823529412, 1.0, 1.0, 1.0, 1.0, 0.9137254901960784, 0.2549019607843137, 0.0, 0.0, 0.0, 0.0, 0.0, 0.4392156862745098, 0.9647058823529412, 1.0, 1.0, 1.0, 1.0, 1.0, 1.0, 1.0, 0.37254901960784315, 0.11764705882352941, 0.40784313725490196, 1.0, 1.0, 1.0, 1.0, 0.7686274509803922, 0.2823529411764706, 0.0, 0.0, 0.0, 0.0, 0.0, 0.0, 0.0, 0.23529411764705882, 0.7647058823529411, 1.0, 1.0, 1.0, 1.0, 0.4235294117647059, 0.0, 0.12156862745098039, 0.788235294117647, 1.0, 1.0, 1.0, 1.0, 1.0, 1.0, 0.8823529411764706, 0.22745098039215686, 0.0, 0.0, 0.0, 0.3764705882352941, 0.7333333333333333, 1.0, 1.0, 1.0, 1.0, 1.0, 1.0, 1.0, 1.0, 0.7137254901960784, 0.5058823529411764, 0.9803921568627451, 1.0, 1.0, 1.0, 0.3764705882352941, 0.011764705882352941, 0.0, 0.0, 0.0, 0.0, 0.0, 0.0, 0.0, 0.0, 0.0, 0.0, 0.3843137254901961, 1.0, 1.0, 1.0, 0.9921568627450981, 0.4235294117647059, 0.5019607843137255, 1.0, 1.0, 1.0, 1.0, 1.0, 1.0, 1.0, 1.0, 0.6431372549019608, 0.19215686274509805, 0.0, 0.26666666666666666, 0.5764705882352941, 0.8274509803921568, 1.0, 1.0, 1.0, 1.0, 0.9921568627450981, 1.0, 1.0, 1.0, 1.0, 1.0, 1.0, 1.0, 0.9294117647058824, 0.2, 0.0, 0.0, 0.0, 0.03529411764705882, 0.21176470588235294, 0.33725490196078434, 0.36470588235294116, 0.3058823529411765, 0.1607843137254902, 0.0, 0.0, 0.0, 0.0, 0.22745098039215686, 0.9529411764705882, 1.0, 1.0, 1.0, 1.0, 1.0, 1.0, 1.0, 1.0, 1.0, 1.0, 1.0, 1.0, 0.8274509803921568, 0.49019607843137253, 0.15294117647058825, 0.34901960784313724, 0.6784313725490196, 0.9529411764705882, 1.0, 1.0, 1.0, 0.4627450980392157, 0.0, 0.5450980392156862, 1.0, 1.0, 1.0, 1.0, 1.0, 1.0, 0.16470588235294117, 0.0, 0.0, 0.0, 0.09803921568627451, 0.403921568627451, 0.7098039215686275, 1.0, 1.0, 1.0, 0.6901960784313725, 0.3843137254901961, 0.08235294117647059, 0.0, 0.0, 0.0, 0.19215686274509805, 1.0, 1.0, 1.0, 1.0, 1.0, 1.0, 0.9921568627450981, 0.43529411764705883, 0.807843137254902, 1.0, 1.0, 1.0, 0.9450980392156862, 0.6509803921568628, 0.34509803921568627, 0.3333333333333333, 0.7568627450980392, 1.0, 1.0, 1.0, 0.9882352941176471, 0.0, 0.0, 0.0, 1.0, 1.0, 1.0, 1.0, 1.0, 0.2, 0.0, 0.0, 0.00392156862745098, 0.1803921568627451, 0.43529411764705883, 0.7333333333333333, 1.0, 1.0, 1.0, 1.0, 1.0, 0.7372549019607844, 0.43137254901960786, 0.1803921568627451, 0.01568627450980392, 0.0, 0.0, 0.23529411764705882, 1.0, 1.0, 1.0, 1.0, 1.0, 0.24705882352941178, 0.0, 0.0, 0.996078431372549, 1.0, 1.0, 1.0, 0.7411764705882353, 0.3843137254901961, 0.2784313725490196, 0.8784313725490196, 1.0, 1.0, 1.0, 0.9215686274509803, 0.0, 0.0, 0.0, 0.9803921568627451, 1.0, 1.0, 1.0, 0.2, 0.0, 0.0, 0.0196078431372549, 0.33725490196078434, 0.6, 0.7529411764705882, 1.0, 1.0, 1.0, 1.0, 1.0, 1.0, 1.0, 0.7490196078431373, 0.592156862745098, 0.33725490196078434, 0.03137254901960784, 0.0, 0.0, 0.25098039215686274, 1.0, 1.0, 1.0, 1.0, 0.01568627450980392, 0.0, 0.0, 0.8666666666666667, 1.0, 1.0, 1.0, 0.8470588235294118, 0.35294117647058826, 0.19607843137254902, 0.996078431372549, 1.0, 1.0, 1.0, 0.996078431372549, 0.30196078431372547, 0.19607843137254902, 0.7607843137254902, 1.0, 1.0, 1.0, 0.6392156862745098, 0.0, 0.0, 0.0, 0.28627450980392155, 0.7294117647058823, 1.0, 1.0, 1.0, 1.0, 1.0, 1.0, 1.0, 1.0, 1.0, 1.0, 1.0, 0.7372549019607844, 0.2980392156862745, 0.0, 0.0, 0.0, 0.6235294117647059, 1.0, 1.0, 1.0, 0.47058823529411764, 0.0, 0.00784313725490196, 