{"worldSize": 128, "R": 18.0, "T": 10.0, "numKernels": 1, "betaLen": [2], "beta0": [1.0], "beta1": [0.3333333333333333], "beta2": [0.0], "mu": [0.385], "sigma": [0.0765], "eta": [1.0], "relR": [1.0], "src": [0], "dst": [0], "init": {"type": "seed", "size": [21, 21, 1], "cells": [0.0, 0.0, 0.0, 0.0, 0.0, 0.0, 0.16862745098039217, 1.0, 1.0, 1.0, 1.0, 0.9686274509803922, 0.6666666666666666, 0.08627450980392157, 0.0, 0.0, 0.0, 0.0, 0.0, 0.0, 0.0, 0.0, 0.0, 0.0, 0.0, 0.0784313725490196, 0.8274509803921568, 1.0, 1.0, 1.0, 1.0, 1.0, 1.0, 1.0, 0.9882352941176471, 0.4, 0.0, 0.0, 0.0, 0.0, 0.0, 0.0, 0.0, 0.0, 0.0, 0.11764705882352941, 0.9372549019607843, 1.0, 1.0, 1.0, 1.0, 1.0, 1.0, 1.0, 1.0, 1.0, 1.0, 0.7686274509803922, 0.0, 0.0, 0.0, 0.0, 0.0, 0.0, 0.0, 0.00784313725490196, 0.6274509803921569, 1.0, 1.0, 1.0, 1.0, 1.0, 1.0, 1.0, 1.0, 1.0, 1.0, 1.0, 1.0, 1.0, 0.0, 0.0, 0.0, 0.0, 0.0, 0.0, 0.2, 1.0, 1.0, 1.0, 1.0, 1.0, 1.0, 1.0, 1.0, 1.0, 1.0, 1.0, 1.0, 1.0, 1.0, 1.0, 0.0, 0.0, 0.0, 0.0, 0.0, 1.0, 1.0, 1.0, 1.0, 1.0, 1.0, 0.9882352941176471, 0.7372549019607844, 0.027450980392156862, 0.0, 0.0, 0.9176470588235294, 1.0, 1.0, 1.0, 1.0, 0.6784313725490196, 0.0, 0.0, 0.0, 0.0, 1.0, 1.0, 1.0, 1.0, 1.0, 0.9686274509803922, 0.6078431372549019, 0.8980392156862745, 0.4196078431372549, 0.0, 0.0, 0.0, 0.4, 1.0, 1.0, 1.0, 1.0, 0.2, 0.0, 0.0, 0.8196078431372549, 1.0, 1.0, 1.0, 1.0, 0.5686274509803921, 0.4588235294117647, 1.0, 1.0, 1.0, 1.0, 0.0, 0.0, 0.00784313725490196, 1.0, 1.0, 1.0, 1.0, 1.0, 0.10980392156862745, 0.0, 1.0, 1.0, 1.0, 1.0, 0.4980392156862745, 0.0196078431372549, 0.5568627450980392, 1.0, 1.0, 1.0, 1.0, 1.0, 0.13725490196078433, 0.06666666666666667, 1.0, 1.0, 1.0, 1.0, 1.0, 0.5176470588235295, 0.0, 1.0, 1.0, 1.0, 1.0, 0.0, 0.0, 1.0, 1.0, 1.0, 1.0, 1.0, 1.0, 1.0, 0.7098039215686275, 1.0, 1.0, 1.0, 1.0, 1.0, 0.9764705882352941, 0.09803921568627451, 1.0, 1.0, 1.0, 1.0, 0.0, 0.0, 1.0, 1.0, 1.0, 1.0, 1.0, 1.0, 1.0, 1.0, 1.0, 1.0, 1.0, 1.0, 1.0, 1.0, 0.26666666666666666, 1.0, 1.0, 1.0, 1.0, 0.0, 0.0, 1.0, 1.0, 1.0, 1.0, 1.0, 1.0, 1.0, 0.9764705882352941, 0.9764705882352941, 1.0, 1.0, 1.0, 1.0, 1.0, 0.38823529411764707, 1.0, 1.0, 1.0, 1.0, 0.0, 0.0, 0.9686274509803922, 1.0, 1.0, 1.0, 1.0, 1.0, 0.8784313725490196, 0.0784313725490196, 0.7686274509803922, 1.0, 1.0, 1.0, 1.0, 1.0, 0.42745098039215684, 1.0, 1.0, 1.0, 1.0, 0.5372549019607843, 0.0, 0.5568627450980392, 1.0, 1.0, 1.0, 1.0, 0.0392156862745098, 0.0, 0.0, 0.8588235294117647, 1.0, 1.0, 1.0, 1.0, 1.0, 0.0, 0.9882352941176471, 1.0, 1.0, 1.0, 1.0, 0.8470588235294118, 0.8862745098039215, 0.9882352941176471, 0.9686274509803922, 0.32941176470588235, 0.0, 0.0, 0.0, 0.0, 1.0, 1.0, 1.0, 1.0, 1.0, 0.16862745098039217, 0.0, 0.9490196078431372, 1.0, 1.0, 1.0, 1.0, 1.0, 1.0, 1.0, 1.0, 0.5568627450980392, 0.047058823529411764, 0.0, 0.027450980392156862, 1.0, 1.0, 1.0, 1.0, 1.0, 0.8980392156862745, 0.0, 0.0, 0.12941176470588237, 1.0, 1.0, 1.0, 1.0, 1.0, 1.0, 1.0, 1.0, 1.0, 1.0, 1.0, 1.0, 1.0, 1.0, 1.0, 1.0, 0.8470588235294118, 0.0, 0.0, 0.0, 0.0, 0.8588235294117647, 1.0, 1.0, 1.0, 1.0, 1.0, 1.0, 1.0, 1.0, 1.0, 1.0, 1.0, 1.0, 1.0, 1.0, 0.6588235294117647, 0.0, 0.0, 0.0, 0.0, 0.0, 0.0, 0.7764705882352941, 1.0, 1.0, 1.0, 1.0, 1.0, 1.0, 1.0, 1.0, 1.0, 1.0, 1.0, 0.788235294117647, 0.047058823529411764, 0.0, 0.0, 0.0, 0.0, 0.0, 0.0, 0.0, 0.0, 0.23921568627450981, 1.0, 1.0, 1.0, 1.0, 1.0, 1.0, 1.0, 1.0, 0.5176470588235295, 0.0, 0.0, 0.0, 0.0, 0.0, 0.0, 0.0, 0.0, 0.0, 0.0, 0.0, 0.0, 0.0, 0.14901960784313725, 0.3764705882352941, 0.3764705882352941, 0.20784313725490197, 0.0196078431372549, 0.0, 0.0, 0.0, 0.0, 0.0, 0.0, 0.0, 0.0, 0.0, 0.0]}, "name": "Trilapillium rotans", "mono": true}