{"worldSize": 128, "R": 27.0, "T": 10.0, "numKernels": 1, "betaLen": [3], "beta0": [1.0], "beta1": [1.0], "beta2": [0.3333333333333333], "mu": [0.25], "sigma": [0.035], "eta": [1.0], "relR": [1.0], "src": [0], "dst": [0], "init": {"type": "seed", "size": [36, 35, 1], "cells": [0.0, 0.0, 0.0, 0.0, 0.0, 0.0, 0.0, 0.0, 0.0, 0.0, 0.0, 0.0, 0.37254901960784315, 0.7490196078431373, 0.9607843137254902, 1.0, 1.0, 1.0, 1.0, 0.6431372549019608, 0.13333333333333333, 0.0, 0.0, 0.0, 0.0, 0.0, 0.0, 0.0, 0.0, 0.0, 0.0, 0.0, 0.0, 0.0, 0.0, 0.0, 0.0, 0.0, 0.0, 0.0, 0.0, 0.0, 0.0, 0.0, 0.0, 0.0, 0.3568627450980392, 0.7294117647058823, 0.9568627450980393, 1.0, 1.0, 1.0, 1.0, 1.0, 1.0, 1.0, 1.0, 0.23921568627450981, 0.0, 0.0, 0.0, 0.0, 0.0, 0.0, 0.0, 0.0, 0.0, 0.0, 0.0, 0.0, 0.0, 0.0, 0.0, 0.0, 0.0, 0.0, 0.0, 0.0, 0.0, 0.0, 0.3333333333333333, 0.7176470588235294, 0.9490196078431372, 1.0, 1.0, 1.0, 1.0, 1.0, 1.0, 1.0, 1.0, 1.0, 1.0, 0.7647058823529411, 0.13333333333333333, 0.0, 0.0, 0.0, 0.0, 0.0, 0.0, 0.0, 0.0, 0.0, 0.0, 0.0, 0.0, 0.0, 0.0, 0.0, 0.0, 0.0, 0.0, 0.00392156862745098, 0.6588235294117647, 0.9803921568627451, 1.0, 1.0, 1.0, 1.0, 1.0, 1.0, 1.0, 1.0, 1.0, 1.0, 1.0, 1.0, 1.0, 1.0, 0.4823529411764706, 0.03137254901960784, 0.0, 0.0, 0.0, 0.0, 0.0, 0.0, 0.0, 0.0, 0.0, 0.0, 0.0, 0.0, 0.0, 0.0, 0.0, 0.5176470588235295, 0.9882352941176471, 1.0, 1.0, 1.0, 1.0, 1.0, 1.0, 1.0, 1.0, 1.0, 1.0, 1.0, 1.0, 1.0, 1.0, 1.0, 1.0, 1.0, 0.8941176470588236, 0.17647058823529413, 0.0, 0.0, 0.0, 0.0, 0.0, 0.0, 0.0, 0.0, 0.0, 0.0, 0.0, 0.0, 0.0, 0.9019607843137255, 1.0, 1.0, 1.0, 1.0, 1.0, 1.0, 1.0, 1.0, 1.0, 1.0, 1.0, 1.0, 1.0, 1.0, 1.0, 1.0, 1.0, 1.0, 1.0, 1.0, 1.0, 0.3215686274509804, 0.0, 0.0, 0.0, 0.0, 0.0, 0.0, 0.0, 0.0, 0.0, 0.0, 0.33725490196078434, 1.0, 1.0, 1.0, 1.0, 1.0, 1.0, 1.0, 1.0, 1.0, 1.0, 1.0, 1.0, 1.0, 1.0, 1.0, 1.0, 1.0, 1.0, 1.0, 1.0, 1.0, 1.0, 1.0, 1.0, 0.3803921568627451, 0.0, 0.0, 0.0, 0.0, 0.0, 0.0, 0.0, 0.0, 0.48627450980392156, 1.0, 1.0, 1.0, 1.0, 1.0, 1.0, 1.0, 0.7411764705882353, 0.11372549019607843, 0.0, 0.0, 0.0, 0.0, 0.0, 0.0, 0.10196078431372549, 0.5568627450980392, 1.0, 1.0, 1.0, 1.0, 1.0, 1.0, 1.0, 1.0, 1.0, 0.25098039215686274, 0.0, 0.0, 0.0, 0.0, 0.0, 0.0, 0.3254901960784314, 1.0, 1.0, 1.0, 1.0, 1.0, 1.0, 1.0, 1.0, 0.5058823529411764, 0.0392156862745098, 0.0, 0.0, 0.0, 0.0, 0.0, 0.0, 0.0, 0.0, 0.0, 0.0, 0.8196078431372549, 1.0, 1.0, 1.0, 1.0, 1.0, 1.0, 1.0, 0.050980392156862744, 0.0, 0.0, 0.0, 0.0, 0.0, 0.9137254901960784, 1.0, 1.0, 1.0, 1.0, 1.0, 1.0, 1.0, 1.0, 0.7411764705882353, 0.13333333333333333, 0.0, 0.0, 0.0, 0.0, 0.0, 0.0, 0.0, 0.0, 0.0, 0.0, 0.0, 0.5607843137254902, 1.0, 1.0, 1.0, 1.0, 1.0, 1.0, 0.7372549019607844, 0.0, 0.0, 0.0, 0.0, 0.4470588235294118, 1.0, 1.0, 1.0, 1.0, 1.0, 1.0, 1.0, 1.0, 1.0, 1.0, 0.44313725490196076, 0.011764705882352941, 0.0, 0.0, 0.0, 0.0, 0.0, 0.0, 0.0, 0.0, 0.0, 0.0, 0.0, 0.7333333333333333, 1.0, 1.0, 1.0, 1.0, 1.0, 1.0, 0.19607843137254902, 0.0, 0.0, 0.0, 0.7254901960784313, 1.0, 1.0, 1.0, 1.0, 1.0, 1.0, 1.0, 1.0, 1.0, 1.0, 0.7529411764705882, 0.1411764705882353, 0.0, 0.0, 0.0, 0.0, 0.0, 0.0, 0.0, 0.0, 0.0, 0.0, 0.0, 0.3254901960784314, 0.9764705882352941, 1.0, 1.0, 1.0, 1.0, 1.0, 0.788235294117647, 0.0, 0.0, 0.0, 0.807843137254902, 1.0, 1.0, 1.0, 1.0, 1.0, 1.0, 1.0, 1.0, 1.0, 1.0, 0.5215686274509804, 0.06274509803921569, 0.0, 0.0, 0.0, 0.0, 0.0, 0.0, 0.0, 0.0, 0.0, 0.0, 0.0, 0.10588235294117647, 0.8313725490196079, 1.0, 1.0, 1.0, 1.0, 1.0, 1.0, 0.10196078431372549, 0.0, 0.12941176470588237, 0.792156862745098, 1.0, 1.0, 1.0, 1.0, 1.0, 1.0, 1.0, 0.996078431372549, 0.4235294117647059, 0.11372549019607843, 0.0, 0.0, 0.0, 0.0, 0.0, 0.0, 0.0, 0.0, 0.0, 0.0, 0.0, 0.0, 0.0, 0.0, 0.7333333333333333, 1.0, 1.0, 1.0, 1.0, 1.0, 1.0, 0.3607843137254902, 0.0, 0.21568627450980393, 0.7019607843137254, 0.9333333333333333, 1.0, 1.0, 1.0, 1.0, 0.6627450980392157, 0.0, 0.0, 0.0, 0.0, 0.0, 0.0, 0.0, 0.0, 0.0, 0.0, 0.0, 0.0, 0.0, 0.0, 0.0, 0.0, 0.0, 0.0, 0.6509803921568628, 1.0, 1.0, 1.0, 1.0, 1.0, 1.0, 0.6078431372549019, 0.0, 0.24313725490196078, 0.5176470588235295, 0.7764705882352941, 1.0, 1.0, 1.0, 0.6784313725490196, 0.0, 0.0, 0.0, 0.0, 0.0, 0.0, 0.0, 0.0, 0.0, 0.0, 0.0, 0.0, 0.0, 0.0, 0.0, 0.0, 0.0, 0.0, 0.0, 0.5450980392156862, 1.0, 1.0, 1.0, 1.0, 1.0, 1.0, 0.7686274509803922, 0.0, 0.17647058823529413, 0.24313725490196078, 0.5137254901960784, 0.9529411764705882, 1.0, 1.0, 0.3411764705882353, 0.0, 0.0, 0.0, 0.0, 0.0, 0.0, 0.0, 0.0, 0.0, 0.0, 0.0, 0.0, 0.0, 0.0, 0.0, 0.0, 0.0, 0.0, 0.0, 0.37254901960784315, 1.0, 1.0, 1.0, 1.0, 1.0, 1.0, 0.8705882352941177, 0.0, 0.0, 0.0, 0.21568627450980393, 0.8941176470588236, 1.0, 1.0, 0.27450980392156865, 0.0, 0.0, 0.0, 0.0, 0.0, 0.0, 0.0, 0.0, 0.0, 0.0, 0.0, 0.0, 0.0, 0.0, 0.0, 0.0, 0.0, 0.0, 0.0, 0.2627450980392157, 1.0, 1.0, 1.0, 1.0, 1.0, 1.0, 1.0, 0.0, 0.0, 0.0, 0.0, 0.8980392156862745, 1.0, 1.0, 0.1607843137254902, 0.0, 0.0, 0.0, 1.0, 0.5686274509803921, 0.0, 0.0, 0.0, 0.0, 0.0, 0.0, 0.0, 0.0, 0.0, 0.0, 0.0, 0.0, 0.0, 0.0, 0.27058823529411763, 1.0, 1.0, 1.0, 1.0, 1.0, 1.0, 1.0, 0.0, 0.0, 0.0, 0.0, 0.9882352941176471, 1.0, 1.0, 0.011764705882352941, 0.0, 0.0, 1.0, 1.0, 1.0, 0.14901960784313725, 0.0, 0.0, 0.0, 0.0, 0.0, 0.0, 0.0, 0.0, 0.0, 0.0, 0.0, 0.0, 0.0, 0.30196078431372547, 0.996078431372549, 1.0, 1.0, 1.0, 1.0, 1.0, 1.0, 0.0, 0.0, 0.0, 0.011764705882352941, 1.0, 1.0, 1.0, 0.0, 0.0, 0.49411764705882355, 1.0, 1.0, 1.0, 1.0, 0.0, 0.0, 0.0, 0.0, 0.0, 0.0, 0.0, 0.0, 0.0, 0.0, 0.0, 0.0, 0.0, 0.2980392156862745, 0.996078431372549, 1.0, 1.0, 1.0, 1.0, 1.0, 1.0, 0.0, 0.0, 0.0, 0.19215686274509805, 1.0, 1.0, 0.6274509803921569, 0.0, 0.0, 0.07450980392156863, 1.0, 1.0, 1.0, 1.0, 0.00784313725490196, 0.0, 0.0, 0.0, 0.0, 0.0, 0.0, 0.0, 0.7607843137254902, 0.0, 0.0, 0.0, 0.0, 0.2980392156862745, 1.0, 1.0, 1.0, 1.0, 1.0, 1.0, 1.0, 0.0, 0.0, 0.0, 0.20784313725490197, 1.0, 1.0, 0.2784313725490196, 0.0, 0.0, 0.0, 0.9568627450980393, 1.0, 1.0, 1.0, 0.12549019607843137, 0.0, 0.0, 0.0, 0.0, 0.0, 0.0, 0.9921568627450981, 1.0, 0.2980392156862745, 0.0, 0.0, 0.0, 0.3803921568627451, 1.0, 1.0, 1.0, 1.0, 1.0, 1.0, 1.0, 0.0392156862745098, 0.0, 0.0, 0.0, 1.0, 1.0, 0.4196078431372549, 0.0, 0.0, 0.0, 0.3176470588235294, 1.0, 1.0, 1.0, 0.00392156862745098, 0.0, 0.0, 0.0, 0.0, 0.0, 1.0, 1.0, 1.0, 0.11764705882352941, 0.0, 0.0, 0.0, 0.6078431372549019, 1.0, 1.0, 1.0, 1.0, 1.0, 1.0, 1.0, 0.06274509803921569, 0.0, 0.0, 0.0, 0.9372549019607843, 1.0, 1.0, 0.0, 0.0, 0.0, 0.0, 0.9019607843137255, 1.0, 0.47058823529411764, 0.0, 0.0, 0.0, 0.0, 0.0, 1.0, 1.0, 1.0, 0.5607843137254902, 0.0, 0.0, 0.0, 0.0, 0.9254901960784314, 1.0, 1.0, 1.0, 1.0, 1.0, 1.0, 1.0, 0.00784313725490196, 0.0, 0.0, 0.0, 0.4470588235294118, 1.0, 1.0, 0.4470588235294118, 0.0, 0.0, 0.0, 0.3607843137254902, 0.996078431372549, 0.0, 0.0, 0.0, 0.0, 0.0, 0.0, 1.0, 1.0, 1.0, 0.0, 0.0, 0.0, 0.0, 0.0, 1.0, 1.0, 1.0, 1.0, 1.0, 1.0, 1.0, 1.0, 0.0, 0.0, 0.0, 0.0, 0.0, 0.9607843137254902, 1.0, 1.0, 1.0, 0.5019607843137255, 0.3843137254901961, 0.48627450980392156, 0.9882352941176471, 0.06666666666666667, 0.0, 0.0, 0.0, 0.0, 0.03529411764705882, 1.0, 1.0, 0.0196078431372549, 0.0, 0.0, 0.0, 0.0, 0.5137254901960784, 1.0, 1.0, 1.0, 1.0, 1.0, 1.0, 1.0, 0.8549019607843137, 0.0, 0.0, 0.0, 0.0, 0.0, 0.23137254901960785, 1.0, 1.0, 1.0, 1.0, 1.0, 1.0, 1.0, 1.0, 0.5450980392156862, 0.0, 0.0, 0.0, 0.2549019607843137, 1.0, 1.0, 0.0, 0.0, 0.0, 0.0, 0.0, 1.0, 1.0, 1.0, 1.0, 1.0, 1.0, 1.0, 1.0, 0.23137254901960785, 0.0, 0.0, 0.0, 0.0, 0.0, 0.0, 0.5215686274509804, 1.0, 1.0, 1.0, 1.0, 1.0, 1.0, 1.0, 1.0, 1.0, 1.0, 1.0, 1.0, 1.0, 0.9137254901960784, 0.24705882352941178, 0.0, 0.0, 0.0, 1.0, 1.0, 1.0, 1.0, 1.0, 0.8784313725490196, 1.0, 1.0, 0.807843137254902, 0.0, 0.0, 0.0, 0.0, 0.0, 0.0, 0.0, 0.0, 0.611764705882353, 1.0, 1.0, 1.0, 1.0, 1.0, 1.0, 1.0, 1.0, 1.0, 1.0, 1.0, 1.0, 1.0, 0.9568627450980393, 0.8431372549019608, 0.9568627450980393, 1.0, 1.0, 1.0, 1.0, 1.0, 0.5411764705882353, 0.4117647058823529, 0.8392156862745098, 0.8627450980392157, 0.16470588235294117, 0.0, 0.0, 0.0, 0.0, 