{"worldSize": 128, "R": 18.0, "T": 10.0, "numKernels": 1, "betaLen": [2], "beta0": [1.0], "beta1": [1.0], "beta2": [0.0], "mu": [0.22], "sigma": [0.021], "eta": [1.0], "relR": [1.0], "src": [0], "dst": [0], "init": {"type": "seed", "size": [20, 20, 1], "cells": [0.0, 0.0, 0.0, 0.0, 0.0, 0.5294117647058824, 1.0, 1.0, 1.0, 1.0, 0.16862745098039217, 0.0196078431372549, 0.0, 0.00784313725490196, 0.25882352941176473, 0.4666666666666667, 0.11764705882352941, 0.0, 0.0, 0.0, 0.0, 0.0, 0.0, 1.0, 1.0, 1.0, 1.0, 1.0, 1.0, 1.0, 1.0, 1.0, 1.0, 0.38823529411764707, 0.6274509803921569, 1.0, 1.0, 0.6196078431372549, 0.0, 0.0, 0.0, 0.0, 1.0, 1.0, 1.0, 1.0, 1.0, 0.9568627450980393, 0.8666666666666667, 1.0, 1.0, 1.0, 1.0, 1.0, 1.0, 1.0, 1.0, 1.0, 0.4666666666666667, 0.0, 0.0, 0.4392156862745098, 1.0, 1.0, 1.0, 1.0, 0.4392156862745098, 0.0, 0.0, 0.0, 0.0, 1.0, 1.0, 1.0, 1.0, 1.0, 1.0, 1.0, 1.0, 0.0, 0.0, 0.18823529411764706, 1.0, 1.0, 1.0, 1.0, 0.0, 0.0, 0.0, 0.0, 0.0, 0.0392156862745098, 1.0, 1.0, 1.0, 1.0, 1.0, 1.0, 1.0, 0.2980392156862745, 0.0, 0.0, 1.0, 1.0, 1.0, 0.8980392156862745, 0.0, 0.0, 0.0, 0.14901960784313725, 0.48627450980392156, 0.9294117647058824, 0.8666666666666667, 0.9568627450980393, 0.6784313725490196, 0.7686274509803922, 0.9490196078431372, 1.0, 1.0, 1.0, 0.0, 0.0, 1.0, 1.0, 1.0, 0.3568627450980392, 1.0, 1.0, 1.0, 1.0, 1.0, 1.0, 1.0, 1.0, 0.0, 0.0, 0.0, 0.9294117647058824, 1.0, 1.0, 0.0, 0.6784313725490196, 1.0, 1.0, 0.33725490196078434, 0.7490196078431373, 1.0, 1.0, 0.0, 0.0, 0.0, 0.0, 0.9294117647058824, 1.0, 0.0, 0.0, 0.0, 0.4, 1.0, 1.0, 0.0, 0.9764705882352941, 1.0, 0.6274509803921569, 0.0, 1.0, 1.0, 0.0, 0.0, 0.0, 0.0, 0.0, 0.0, 1.0, 0.0, 0.0, 0.0, 0.5568627450980392, 1.0, 1.0, 0.13725490196078433, 1.0, 1.0, 0.0, 0.0, 0.7372549019607844, 1.0, 0.0, 0.0, 0.0, 0.0, 0.0, 0.0, 1.0, 0.2980392156862745, 0.0, 0.0, 1.0, 1.0, 0.9882352941176471, 0.5176470588235295, 1.0, 0.5176470588235295, 0.0, 0.0, 0.1568627450980392, 1.0, 0.0, 0.0, 0.0, 0.0, 0.0, 0.0, 1.0, 0.6862745098039216, 0.0, 0.22745098039215686, 1.0, 1.0, 0.00784313725490196, 0.7176470588235294, 1.0, 0.12941176470588237, 0.0, 0.0, 0.0, 1.0, 0.0, 0.0, 0.0, 0.0, 0.0, 0.0, 1.0, 1.0, 0.3764705882352941, 1.0, 1.0, 1.0, 0.0, 0.7176470588235294, 1.0, 0.5176470588235295, 0.0, 0.0, 0.0, 1.0, 0.788235294117647, 0.0, 0.0, 0.0, 0.0, 1.0, 1.0, 0.9294117647058824, 1.0, 1.0, 1.0, 0.8470588235294118, 0.0, 0.42745098039215684, 1.0, 1.0, 0.0, 0.0, 0.0, 1.0, 1.0, 1.0, 1.0, 1.0, 1.0, 1.0, 0.9490196078431372, 0.3686274509803922, 1.0, 1.0, 1.0, 0.09803921568627451, 0.027450980392156862, 0.0, 1.0, 1.0, 1.0, 0.8980392156862745, 0.5372549019607843, 0.7176470588235294, 1.0, 1.0, 0.8588235294117647, 0.11764705882352941, 0.0, 0.0, 0.0, 0.4980392156862745, 1.0, 1.0, 1.0, 0.32941176470588235, 0.09803921568627451, 0.0, 0.8784313725490196, 1.0, 1.0, 1.0, 1.0, 1.0, 0.7568627450980392, 0.10980392156862745, 0.0, 0.0, 0.0, 0.0, 0.0, 0.6980392156862745, 1.0, 1.0, 1.0, 0.6470588235294118, 0.12941176470588237, 0.0, 0.0784313725490196, 1.0, 1.0, 1.0, 1.0, 1.0, 1.0, 0.9686274509803922, 0.0, 0.0, 0.0, 0.0, 0.0, 1.0, 1.0, 1.0, 1.0, 0.5764705882352941, 0.0, 0.0, 0.0, 0.11764705882352941, 0.3568627450980392, 0.8, 0.8862745098039215, 0.9098039215686274, 1.0, 1.0, 1.0, 0.4470588235294118, 0.0, 0.34901960784313724, 1.0, 1.0, 1.0, 1.0, 0.9098039215686274, 0.0, 0.0, 0.0, 0.0, 0.0, 0.0, 0.0, 0.0, 0.0, 0.25882352941176473, 0.8588235294117647, 1.0, 1.0, 1.0, 1.0, 1.0, 1.0, 0.9490196078431372, 0.5372549019607843, 0.0, 0.0, 0.0, 0.0, 0.0, 0.0, 0.0, 0.0, 0.0, 0.0, 0.0, 0.0, 0.0, 0.5882352941176471, 0.7686274509803922, 0.7686274509803922, 0.5882352941176471, 0.25882352941176473, 0.0, 0.0, 0.0, 0.0, 0.0]}, "name": "Tetralapillium torquens", "mono": true}