{"worldSize": 128, "R": 18.0, "T": 10.0, "numKernels": 1, "betaLen": [2], "beta0": [1.0], "beta1": [0.3333333333333333], "beta2": [0.0], "mu": [0.36], "sigma": [0.06], "eta": [1.0], "relR": [1.0], "src": [0], "dst": [0], "init": {"type": "seed", "size": [19, 20, 1], "cells": [0.0, 0.0, 0.0, 0.0, 0.0, 0.0, 0.9372549019607843, 0.9882352941176471, 0.9882352941176471, 0.9764705882352941, 0.9294117647058824, 0.788235294117647, 0.42745098039215684, 0.0, 0.0, 0.0, 0.0, 0.0, 0.0, 0.0, 0.0, 0.0, 0.0, 0.0, 0.7372549019607844, 1.0, 1.0, 1.0, 1.0, 1.0, 1.0, 1.0, 1.0, 0.8470588235294118, 0.2196078431372549, 0.0, 0.0, 0.0, 0.0, 0.0, 0.0, 0.0, 0.0, 1.0, 1.0, 1.0, 1.0, 1.0, 1.0, 1.0, 1.0, 1.0, 1.0, 1.0, 1.0, 0.6078431372549019, 0.0, 0.0, 0.0, 0.0, 0.0, 0.0, 0.8470588235294118, 1.0, 1.0, 1.0, 1.0, 1.0, 1.0, 1.0, 1.0, 1.0, 1.0, 1.0, 1.0, 1.0, 0.8196078431372549, 0.0, 0.0, 0.0, 0.0, 0.13725490196078433, 1.0, 1.0, 1.0, 1.0, 1.0, 1.0, 0.7490196078431373, 0.3764705882352941, 0.3568627450980392, 1.0, 1.0, 1.0, 1.0, 1.0, 1.0, 0.5686274509803921, 0.0, 0.0, 0.0, 1.0, 1.0, 1.0, 1.0, 1.0, 0.9686274509803922, 0.5294117647058824, 0.027450980392156862, 0.0, 0.0, 0.0, 0.0, 1.0, 1.0, 1.0, 1.0, 1.0, 0.14901960784313725, 0.0, 0.0, 1.0, 1.0, 1.0, 1.0, 1.0, 0.9098039215686274, 0.7176470588235294, 0.6274509803921569, 0.4196078431372549, 0.0, 0.0, 0.0, 0.17647058823529413, 1.0, 1.0, 1.0, 1.0, 1.0, 0.0392156862745098, 0.14901960784313725, 1.0, 1.0, 1.0, 1.0, 1.0, 1.0, 1.0, 1.0, 1.0, 1.0, 0.5686274509803921, 0.0, 0.08627450980392157, 1.0, 1.0, 1.0, 1.0, 1.0, 0.23921568627450981, 0.24705882352941178, 1.0, 1.0, 1.0, 1.0, 1.0, 1.0, 1.0, 1.0, 1.0, 1.0, 1.0, 0.7098039215686275, 0.30980392156862746, 0.8784313725490196, 1.0, 1.0, 1.0, 1.0, 0.5490196078431373, 0.20784313725490197, 1.0, 1.0, 1.0, 1.0, 1.0, 1.0, 1.0, 1.0, 1.0, 1.0, 1.0, 1.0, 0.8784313725490196, 1.0, 1.0, 1.0, 1.0, 1.0, 0.8980392156862745, 0.06666666666666667, 1.0, 1.0, 1.0, 1.0, 1.0, 0.807843137254902, 0.6392156862745098, 1.0, 1.0, 1.0, 1.0, 1.0, 1.0, 1.0, 1.0, 1.0, 1.0, 1.0, 1.0, 0.0, 0.6784313725490196, 1.0, 1.0, 1.0, 1.0, 0.4588235294117647, 0.047058823529411764, 0.058823529411764705, 1.0, 1.0, 1.0, 1.0, 1.0, 0.9882352941176471, 1.0, 1.0, 1.0, 1.0, 1.0, 0.0, 0.18823529411764706, 1.0, 1.0, 1.0, 1.0, 0.6784313725490196, 0.0, 0.0, 0.0, 0.38823529411764707, 0.7490196078431373, 0.8196078431372549, 0.8666666666666667, 0.9764705882352941, 1.0, 1.0, 1.0, 1.0, 0.8, 0.0, 0.0, 0.7764705882352941, 1.0, 1.0, 1.0, 1.0, 0.12941176470588237, 0.0, 0.0, 0.0, 0.11764705882352941, 0.5764705882352941, 0.8980392156862745, 1.0, 1.0, 1.0, 1.0, 1.0, 0.12941176470588237, 0.0, 0.0, 0.0, 1.0, 1.0, 1.0, 1.0, 1.0, 1.0, 0.2784313725490196, 0.30980392156862746, 0.7686274509803922, 0.9882352941176471, 1.0, 1.0, 1.0, 1.0, 1.0, 1.0, 0.0, 0.0, 0.0, 0.0, 0.0, 1.0, 1.0, 1.0, 1.0, 1.0, 1.0, 1.0, 1.0, 1.0, 1.0, 1.0, 1.0, 1.0, 1.0, 0.10980392156862745, 0.0, 0.0, 0.0, 0.0, 0.0, 0.0, 0.9490196078431372, 1.0, 1.0, 1.0, 1.0, 1.0, 1.0, 1.0, 1.0, 1.0, 1.0, 1.0, 0.4980392156862745, 0.0, 0.0, 0.0, 0.0, 0.0, 0.0, 0.0, 0.0, 0.47843137254901963, 0.9764705882352941, 1.0, 1.0, 1.0, 1.0, 1.0, 1.0, 1.0, 1.0, 0.16862745098039217, 0.0, 0.0, 0.0, 0.0, 0.0, 0.0, 0.0, 0.0, 0.0, 0.0, 0.00784313725490196, 0.5764705882352941, 0.8666666666666667, 0.9686274509803922, 0.9882352941176471, 0.9882352941176471, 0.9882352941176471, 0.6078431372549019, 0.0, 0.0, 0.0, 0.0, 0.0]}, "name": "Dilapillium rotans", "mono": true}