{"worldSize": 128, "R": 27.0, "T": 10.0, "numKernels": 1, "betaLen": [3], "beta0": [1.0], "beta1": [0.16666666666666666], "beta2": [0.5], "mu": [0.3], "sigma": [0.041], "eta": [1.0], "relR": [1.0], "src": [0], "dst": [0], "init": {"type": "seed", "size": [42, 43, 1], "cells": [0.0, 0.0, 0.0, 0.0, 0.0, 0.0, 0.0, 0.0, 0.0, 0.0, 0.0, 0.615686274509804, 0.5019607843137255, 0.2980392156862745, 0.0196078431372549, 0.0, 0.0, 0.0, 0.0, 0.0, 0.0, 0.0, 0.0, 0.0, 0.054901960784313725, 0.14901960784313725, 0.23137254901960785, 0.27450980392156865, 0.24705882352941178, 0.1607843137254902, 0.054901960784313725, 0.0, 0.0, 0.0, 0.0, 0.0, 0.0, 0.0, 0.0, 0.0, 0.0, 0.0, 0.0, 0.0, 0.0, 0.0, 0.0, 0.0, 0.0, 0.0, 0.0, 0.0196078431372549, 0.9294117647058824, 0.9490196078431372, 0.8941176470588236, 0.7725490196078432, 0.5725490196078431, 0.30196078431372547, 0.0, 0.0, 0.0, 0.0, 0.0, 0.0, 0.0, 0.027450980392156862, 0.20784313725490197, 0.5019607843137255, 0.8, 1.0, 1.0, 1.0, 1.0, 0.8862745098039215, 0.5411764705882353, 0.18823529411764706, 0.0, 0.0, 0.0, 0.0, 0.0, 0.0, 0.0, 0.0, 0.0, 0.0, 0.0, 0.0, 0.0, 0.0, 0.0, 0.0, 0.0, 0.26666666666666666, 1.0, 1.0, 1.0, 0.9921568627450981, 0.9372549019607843, 0.8156862745098039, 0.6431372549019608, 0.4196078431372549, 0.17647058823529413, 0.0, 0.0, 0.0, 0.0, 0.0, 0.06666666666666667, 0.3803921568627451, 0.8549019607843137, 1.0, 1.0, 1.0, 1.0, 1.0, 1.0, 1.0, 1.0, 0.43529411764705883, 0.0, 0.0, 0.0, 0.0, 0.0, 0.0, 0.0, 0.0, 0.0, 0.0, 0.0, 0.0, 0.0, 0.0, 0.0, 0.22745098039215686, 1.0, 1.0, 1.0, 1.0, 1.0, 1.0, 1.0, 0.9764705882352941, 0.9098039215686274, 0.792156862745098, 0.6431372549019608, 0.48627450980392156, 0.33725490196078434, 0.25882352941176473, 0.30196078431372547, 0.48627450980392156, 0.7529411764705882, 0.9921568627450981, 1.0, 1.0, 1.0, 1.0, 1.0, 1.0, 1.0, 1.0, 1.0, 0.4549019607843137, 0.0, 0.0, 0.0, 0.0, 0.0, 0.0, 0.0, 0.0, 0.0, 0.0, 0.0, 0.0, 0.0, 0.06274509803921569, 0.8117647058823529, 1.0, 1.0, 1.0, 1.0, 1.0, 1.0, 1.0, 1.0, 1.0, 1.0, 1.0, 1.0, 1.0, 1.0, 1.0, 1.0, 1.0, 1.0, 1.0, 1.0, 1.0, 1.0, 1.0, 1.0, 1.0, 1.0, 0.9921568627450981, 0.8941176470588236, 0.1803921568627451, 0.0, 0.0, 0.0, 0.0, 0.0, 0.0, 0.0, 0.0, 0.0, 0.0, 0.0, 0.0, 0.3607843137254902, 1.0, 1.0, 1.0, 1.0, 1.0, 1.0, 1.0, 1.0, 1.0, 1.0, 1.0, 1.0, 1.0, 1.0, 1.0, 1.0, 1.0, 1.0, 1.0, 1.0, 1.0, 1.0, 1.0, 1.0, 1.0, 1.0, 1.0, 0.9764705882352941, 0.7333333333333333, 0.5411764705882353, 0.0, 0.0, 0.0, 0.0, 0.0, 0.0, 0.0, 0.0, 0.0, 0.0, 0.0, 0.03137254901960784, 0.6823529411764706, 1.0, 1.0, 1.0, 1.0, 1.0, 0.8901960784313725, 0.5254901960784314, 0.12549019607843137, 0.0, 0.0, 0.027450980392156862, 0.1607843137254902, 0.403921568627451, 0.8156862745098039, 1.0, 1.0, 1.0, 1.0, 1.0, 1.0, 1.0, 1.0, 0.9294117647058824, 0.807843137254902, 0.996078431372549, 1.0, 1.0, 0.996078431372549, 0.6196078431372549, 0.20784313725490197, 0.00784313725490196, 0.0, 0.0, 0.0, 0.0, 0.0, 0.0, 0.0, 0.0, 0.0, 0.0, 0.13725490196078433, 0.9450980392156862, 1.0, 1.0, 1.0, 1.0, 0.9647058823529412, 0.6666666666666666, 0.2901960784313726, 0.0, 0.0, 0.0, 0.0, 0.0, 0.0, 0.011764705882352941, 0.12941176470588237, 0.5882352941176471, 1.0, 1.0, 1.0, 1.0, 1.0, 0.984313725490196, 0.6745098039215687, 0.27450980392156865, 0.20392156862745098, 1.0, 1.0, 1.0, 0.6588235294117647, 0.0, 0.0, 0.0, 0.0, 0.0, 0.0, 0.0, 0.0, 0.0, 0.0, 0.0, 0.0, 0.25882352941176473, 1.0, 1.0, 1.0, 1.0, 1.0, 0.9803921568627451, 0.7725490196078432, 0.4745098039215686, 0.19607843137254902, 0.0, 0.0, 0.0, 0.0, 0.0, 0.0, 0.0, 0.0, 0.0, 0.5843137254901961, 1.0, 1.0, 1.0, 0.9294117647058824, 0.4235294117647059, 0.0, 0.0, 0.0, 1.0, 1.0, 0.788235294117647, 0.0, 0.0, 0.0, 0.0, 0.0, 0.0, 0.0, 0.0, 0.0, 0.0, 0.0, 0.0, 0.3607843137254902, 1.0, 1.0, 1.0, 1.0, 1.0, 1.0, 0.9529411764705882, 0.796078431372549, 0.6980392156862745, 0.792156862745098, 0.5647058823529412, 0.792156862745098, 1.0, 0.9686274509803922, 0.6196078431372549, 0.00392156862745098, 0.0, 0.0, 0.0, 0.0, 0.3686274509803922, 1.0, 0.9803921568627451, 0.40784313725490196, 0.0, 0.0, 0.0, 0.06666666666666667, 1.0, 0.9372549019607843, 0.03137254901960784, 0.0, 0.0, 0.0, 0.0, 0.0, 0.0, 0.0, 0.0, 0.0, 0.0, 0.0, 0.4, 1.0, 1.0, 1.0, 1.0, 1.0, 1.0, 1.0, 1.0, 1.0, 0.6980392156862745, 1.0, 1.0, 1.0, 1.0, 0.9294117647058824, 0.27450980392156865, 0.0, 0.0, 0.0, 0.0, 0.058823529411764705, 0.5647058823529412, 1.0, 0.8627450980392157, 0.0, 0.0, 0.0, 0.0, 0.996078431372549, 1.0, 0.2549019607843137, 0.0, 0.0, 0.0, 0.0, 0.0, 0.0, 0.0, 0.0, 0.0, 0.0, 0.0, 0.33725490196078434, 0.9294117647058824, 1.0, 1.0, 1.0, 1.0, 1.0, 1.0, 0.9490196078431372, 0.23137254901960785, 0.7568627450980392, 1.0, 1.0, 1.0, 1.0, 1.0, 0.5882352941176471, 0.0, 0.0, 0.0, 0.0, 0.22745098039215686, 1.0, 1.0, 1.0, 0.5882352941176471, 0.0, 0.0, 0.0, 0.47843137254901963, 1.0, 0.592156862745098, 0.0, 0.0, 0.0, 0.0, 0.0, 0.0, 0.0, 0.0, 0.0, 0.0, 0.0, 0.20784313725490197, 0.7137254901960784, 1.0, 1.0, 1.0, 1.0, 1.0, 1.0, 0.0, 0.047058823529411764, 0.34901960784313724, 1.0, 1.0, 1.0, 1.0, 1.0, 0.8470588235294118, 0.0, 0.0, 0.0, 0.0, 0.4588235294117647, 1.0, 1.0, 1.0, 1.0, 0.0, 0.0, 0.0, 0.2901960784313726, 1.0, 0.9529411764705882, 0.0, 0.0, 0.0, 0.0, 0.0, 0.0, 0.0, 0.0, 0.0, 0.0, 0.0, 0.0784313725490196, 1.0, 1.0, 1.0, 1.0, 1.0, 1.0, 0.3803921568627451, 0.0, 0.0, 0.0, 0.17647058823529413, 0.8745098039215686, 1.0, 1.0, 1.0, 0.984313725490196, 0.0, 0.0, 0.0, 0.0, 0.6039215686274509, 1.0, 1.0, 1.0, 1.0, 1.0, 0.0, 0.0, 0.28627450980392155, 1.0, 1.0, 0.0, 0.0, 0.0, 0.0, 0.0, 0.0, 0.0, 0.0, 0.0, 0.0, 0.0, 0.00392156862745098, 1.0, 1.0, 1.0, 1.0, 1.0, 1.0, 0.13333333333333333, 0.0, 0.0, 0.0, 0.0, 0.00784313725490196, 0.7137254901960784, 1.0, 1.0, 1.0, 0.4745098039215686, 0.0, 0.0, 0.0, 0.5490196078431373, 1.0, 1.0, 1.0, 1.0, 1.0, 0.25098039215686274, 0.043137254901960784, 0.47058823529411764, 1.0, 1.0, 0.6549019607843137, 0.0, 0.0, 0.0, 0.0, 0.0, 0.0, 0.0, 0.0, 0.0, 0.0, 0.0, 1.0, 1.0, 1.0, 1.0, 1.0, 1.0, 0.39215686274509803, 0.0, 0.0, 0.0, 0.0, 0.0, 0.03529411764705882, 1.0, 1.0, 1.0, 1.0, 0.0, 0.0, 0.0, 0.25882352941176473, 1.0, 1.0, 1.0, 1.0, 1.0, 1.0, 0.2823529411764706, 0.8705882352941177, 1.0, 1.0, 1.0, 0.043137254901960784, 0.00392156862745098, 0.0, 0.0, 0.0, 0.0, 0.0, 0.0, 0.0, 0.0, 0.396078431372549, 1.0, 1.0, 1.0, 0.7647058823529411, 1.0, 1.0, 0.7764705882352941, 0.0, 0.0, 0.0, 0.0, 0.0, 0.0, 1.0, 1.0, 1.0, 1.0, 1.0, 0.011764705882352941, 0.0, 0.0, 0.3843137254901961, 0.9254901960784314, 0.9490196078431372, 0.9568627450980393, 0.9568627450980393, 1.0, 0.9333333333333333, 1.0, 1.0, 1.0, 1.0, 0.33725490196078434, 0.21176470588235294, 0.054901960784313725, 0.0, 0.0, 0.0, 0.0, 0.0, 0.0, 0.0, 0.8392156862745098, 1.0, 0.8784313725490196, 0.2901960784313726, 0.24705882352941178, 1.0, 1.0, 0.996078431372549, 0.615686274509804, 0.0, 0.0, 0.0, 0.0, 0.4235294117647059, 1.0, 1.0, 1.0, 1.0, 1.0, 1.0, 0.0, 0.0, 0.0, 0.0, 0.08235294117647059, 0.21176470588235294, 0.37254901960784315, 0.7098039215686275, 1.0, 1.0, 1.0, 1.0, 1.0, 0.7529411764705882, 0.6470588235294118, 0.4, 0.043137254901960784, 0.0, 0.0, 0.0, 0.0, 0.0, 0.00392156862745098, 1.0, 1.0, 0.20784313725490197, 0.0, 0.011764705882352941, 1.0, 1.0, 1.0, 1.0, 0.592156862745098, 0.0, 0.0, 0.0, 1.0, 1.0, 1.0, 1.0, 1.0, 1.0, 1.0, 1.0, 0.0, 0.0, 0.0, 0.0, 0.0, 0.0, 0.0, 0.9764705882352941, 1.0, 1.0, 1.0, 1.0, 1.0, 1.0, 0.9137254901960784, 0.34509803921568627, 0.0, 0.0, 0.0, 0.0, 0.0, 0.5294117647058824, 1.0, 0.6392156862745098, 0.0, 0.0, 0.0, 1.0, 1.0, 1.0, 1.0, 1.0, 0.0392156862745098, 0.0, 0.09803921568627451, 1.0, 1.0, 1.0, 1.0, 1.0, 1.0, 1.0, 1.0, 0.39215686274509803, 0.0, 0.0, 0.0, 0.0, 0.0, 0.0, 0.6901960784313725, 1.0, 1.0, 1.0, 1.0, 1.0, 1.0, 1.0, 0.796078431372549, 0.10196078431372549, 0.0, 0.0, 0.0, 0.08235294117647059, 0.8705882352941177, 1.0, 0.20784313725490197, 0.0, 0.0, 0.0, 1.0, 1.0, 1.0, 1.0, 1.0, 0.5176470588235295, 0.11372549019607843, 0.6823529411764706, 1.0, 1.0, 1.0, 1.0, 1.0, 1.0, 1.0, 1.0, 1.0, 0.0, 0.0, 0.0, 0.0, 0.0, 0.0, 0.18823529411764706, 1.0, 1.0, 1.0, 1.0, 1.0, 1.0, 1.0,