{"worldSize": 128, "R": 27.0, "T": 10.0, "numKernels": 1, "betaLen": [3], "beta0": [0.6666666666666666], "beta1": [1.0], "beta2": [0.5833333333333334], "mu": [0.24], "sigma": [0.038], "eta": [1.0], "relR": [1.0], "src": [0], "dst": [0], "init": {"type": "seed", "size": [34, 36, 1], "cells": [0.0, 0.0, 0.0, 0.0, 0.0, 0.0, 0.0, 0.0, 0.0, 0.0, 0.0, 0.0, 0.023529411764705882, 0.10588235294117647, 0.23137254901960785, 0.36470588235294116, 0.47058823529411764, 0.5137254901960784, 0.4666666666666667, 0.33725490196078434, 0.17254901960784313, 0.03529411764705882, 0.0, 0.0, 0.0, 0.0, 0.0, 0.0, 0.0, 0.0, 0.0, 0.0, 0.0, 0.0, 0.0, 0.0, 0.0, 0.0, 0.0, 0.0, 0.0, 0.0, 0.0, 0.0, 0.0, 0.054901960784313725, 0.43529411764705883, 0.8980392156862745, 1.0, 1.0, 1.0, 1.0, 1.0, 1.0, 1.0, 1.0, 1.0, 1.0, 1.0, 0.49411764705882355, 0.0784313725490196, 0.0, 0.0, 0.0, 0.0, 0.0, 0.0, 0.0, 0.0, 0.0, 0.0, 0.0, 0.0, 0.0, 0.0, 0.0, 0.0, 0.0, 0.0, 0.03137254901960784, 0.6901960784313725, 1.0, 1.0, 1.0, 1.0, 1.0, 1.0, 1.0, 1.0, 1.0, 1.0, 1.0, 1.0, 1.0, 1.0, 1.0, 1.0, 0.9607843137254902, 0.2235294117647059, 0.0, 0.0, 0.0, 0.0, 0.0, 0.0, 0.0, 0.0, 0.0, 0.0, 0.0, 0.0, 0.0, 0.0, 0.0, 0.21568627450980393, 1.0, 1.0, 1.0, 1.0, 1.0, 1.0, 1.0, 1.0, 1.0, 1.0, 1.0, 1.0, 1.0, 1.0, 1.0, 1.0, 1.0, 1.0, 1.0, 1.0, 1.0, 0.21568627450980393, 0.0, 0.0, 0.0, 0.0, 0.0, 0.0, 0.0, 0.0, 0.0, 0.0, 0.0, 0.0, 0.26666666666666666, 1.0, 1.0, 1.0, 1.0, 1.0, 1.0, 1.0, 1.0, 1.0, 1.0, 1.0, 1.0, 1.0, 1.0, 1.0, 1.0, 1.0, 1.0, 1.0, 1.0, 1.0, 1.0, 1.0, 0.7686274509803922, 0.08627450980392157, 0.0, 0.0, 0.0, 0.0, 0.0, 0.0, 0.0, 0.0, 0.0, 0.14901960784313725, 1.0, 1.0, 1.0, 1.0, 1.0, 1.0, 1.0, 1.0, 1.0, 1.0, 1.0, 1.0, 1.0, 1.0, 1.0, 1.0, 1.0, 1.0, 1.0, 1.0, 1.0, 1.0, 1.0, 1.0, 1.0, 1.0, 0.26666666666666666, 0.0, 0.0, 0.0, 0.0, 0.0, 0.0, 0.0, 0.0, 1.0, 1.0, 1.0, 1.0, 1.0, 1.0, 1.0, 1.0, 1.0, 1.0, 1.0, 1.0, 1.0, 1.0, 1.0, 1.0, 1.0, 1.0, 1.0, 1.0, 1.0, 1.0, 1.0, 1.0, 1.0, 1.0, 1.0, 1.0, 0.3137254901960784, 0.0, 0.0, 0.0, 0.0, 0.0, 0.0, 0.7843137254901961, 1.0, 1.0, 1.0, 1.0, 1.0, 1.0, 1.0, 1.0, 1.0, 0.996078431372549, 0.8117647058823529, 0.6901960784313725, 0.807843137254902, 0.9764705882352941, 1.0, 1.0, 1.0, 1.0, 1.0, 1.0, 1.0, 1.0, 1.0, 1.0, 1.0, 1.0, 1.0, 1.0, 1.0, 0.1843137254901961, 0.0, 0.0, 0.0, 0.0, 0.0, 1.0, 1.0, 1.0, 1.0, 1.0, 1.0, 1.0, 1.0, 1.0, 0.7647058823529411, 0.0, 0.0, 0.0, 0.0, 0.1411764705882353, 0.5803921568627451, 0.8745098039215686, 0.9921568627450981, 1.0, 1.0, 1.0, 1.0, 1.0, 1.0, 1.0, 1.0, 1.0, 1.0, 1.0, 1.0, 0.8392156862745098, 0.011764705882352941, 0.0, 0.0, 0.0, 0.7137254901960784, 1.0, 1.0, 1.0, 1.0, 1.0, 1.0, 1.0, 1.0, 0.35294117647058826, 0.0, 0.0, 0.0, 0.0, 0.0, 0.0, 0.0, 0.0, 0.13725490196078433, 0.403921568627451, 0.5764705882352941, 0.7450980392156863, 0.9686274509803922, 1.0, 1.0, 1.0, 1.0, 1.0, 1.0, 1.0, 1.0, 1.0, 0.3568627450980392, 0.0, 0.0, 0.0, 1.0, 1.0, 1.0, 1.0, 1.0, 1.0, 1.0, 0.9686274509803922, 0.0, 0.0, 0.0, 0.0, 0.0, 0.0, 0.0, 0.0, 0.0, 0.0, 0.0, 0.0, 0.0, 0.0, 0.0, 0.6588235294117647, 1.0, 1.0, 1.0, 1.0, 1.0, 1.0, 1.0, 1.0, 0.9490196078431372, 0.0, 0.0, 0.0, 1.0, 1.0, 1.0, 1.0, 1.0, 1.0, 1.0, 0.0, 0.0, 0.0, 0.0, 0.0, 0.0, 0.0, 0.0, 0.0, 0.0, 0.0, 0.0, 0.0, 0.0, 0.0, 0.0, 0.0, 0.5882352941176471, 1.0, 1.0, 1.0, 1.0, 1.0, 1.0, 1.0, 1.0, 0.1568627450980392, 0.0, 0.1803921568627451, 1.0, 1.0, 1.0, 1.0, 1.0, 1.0, 0.0, 0.0, 0.0, 0.0, 0.0, 0.054901960784313725, 0.12941176470588237, 0.0, 0.0, 0.0, 0.0, 0.0, 0.0, 0.0, 0.0, 0.0, 0.0, 0.0, 0.0, 0.7843137254901961, 1.0, 1.0, 1.0, 1.0, 1.0, 1.0, 1.0, 0.5333333333333333, 0.0, 0.9098039215686274, 1.0, 1.0, 1.0, 1.0, 1.0, 0.792156862745098, 0.0, 0.0, 0.0, 0.0, 0.01568627450980392, 0.7568627450980392, 0.4745098039215686, 0.0, 0.0, 0.0, 0.0, 0.0, 0.0, 0.0, 0.0, 0.0, 0.0, 0.0, 0.0, 0.0, 0.984313725490196, 1.0, 1.0, 1.0, 1.0, 1.0, 1.0, 0.9333333333333333, 0.0, 0.9803921568627451, 1.0, 1.0, 1.0, 1.0, 1.0, 0.0, 0.0, 0.0, 0.0, 0.0, 0.3686274509803922, 1.0, 0.0, 0.0, 0.0, 0.0, 0.0, 0.0, 0.0, 0.0, 0.0, 0.0, 0.0, 0.0, 0.0, 0.0, 0.43137254901960786, 1.0, 1.0, 1.0, 1.0, 1.0, 1.0, 1.0, 0.0, 1.0, 1.0, 1.0, 1.0, 1.0, 1.0, 0.00392156862745098, 0.0, 0.0, 0.0, 0.0, 0.7725490196078432, 0.34509803921568627, 0.0, 0.0, 0.0, 0.0, 0.0, 0.0, 0.0, 0.0, 0.0, 0.4627450980392157, 0.12549019607843137, 0.0, 0.0, 0.0, 0.0, 1.0, 1.0, 1.0, 1.0, 1.0, 1.0, 1.0, 0.0, 1.0, 1.0, 1.0, 1.0, 1.0, 1.0, 0.11764705882352941, 0.0, 0.0, 0.0, 0.0, 0.0, 0.0, 0.0, 0.0, 0.0, 0.0, 0.0, 0.0, 0.0, 0.0, 0.0, 1.0, 0.7333333333333333, 0.0, 0.0, 0.0, 0.0, 0.8156862745098039, 1.0, 1.0, 1.0, 1.0, 1.0, 1.0, 0.0, 1.0, 1.0, 1.0, 1.0, 1.0, 1.0, 0.5607843137254902, 0.0, 0.0, 0.0, 0.0, 0.0, 0.0, 0.0, 0.0, 0.0, 0.0, 0.0, 0.0, 0.0, 0.0, 0.0, 1.0, 1.0, 0.0, 0.0, 0.0, 0.0, 0.5333333333333333, 1.0, 1.0, 1.0, 1.0, 1.0, 1.0, 0.0, 1.0, 1.0, 1.0, 1.0, 1.0, 1.0, 1.0, 0.2, 0.0, 0.0, 0.0, 0.0, 0.0, 0.0, 0.0, 0.0, 0.0, 0.0, 0.0, 0.0, 0.0, 0.0, 0.7215686274509804, 0.984313725490196, 0.0, 0.0, 0.0, 0.0, 0.5372549019607843, 1.0, 1.0, 1.0, 1.0, 1.0, 1.0, 0.09411764705882353, 1.0, 1.0, 1.0, 1.0, 1.0, 1.0, 1.0, 0.8549019607843137, 0.027450980392156862, 0.0, 0.0, 0.0, 0.0, 0.0, 0.0, 0.0, 0.0, 0.0, 0.0, 0.0, 0.0, 0.0, 0.2196078431372549, 0.0196078431372549, 0.0, 0.0, 0.0, 0.0, 0.9607843137254902, 1.0, 1.0, 1.0, 1.0, 1.0, 0.5058823529411764, 0.0, 1.0, 1.0, 1.0, 1.0, 1.0, 1.0, 1.0, 1.0, 0.1843137254901961, 0.0, 0.0, 0.0, 0.0, 0.0, 0.0, 0.0, 0.0, 0.0, 0.0, 0.0, 0.0, 0.0, 0.0, 0.0, 0.0, 0.0, 0.0, 0.0, 1.0, 1.0, 1.0, 1.0, 1.0, 1.0, 0.08235294117647059, 0.0, 1.0, 1.0, 1.0, 1.0, 1.0, 1.0, 1.0, 1.0, 0.49019607843137253, 0.0, 0.0, 0.050980392156862744, 0.09019607843137255, 0.0, 0.0, 0.0, 0.0, 0.0, 0.0, 0.0, 0.0, 0.0, 0.0, 0.0, 0.0, 0.0, 0.0, 0.1607843137254902, 1.0, 1.0, 1.0, 1.0, 1.0, 1.0, 0.00392156862745098, 0.0, 1.0, 1.0, 1.0, 1.0, 1.0, 1.0, 1.0, 1.0, 0.9411764705882353, 0.0, 0.0, 0.3568627450980392, 0.8666666666666667, 0.7764705882352941, 0.3568627450980392, 0.03529411764705882, 0.0, 0.0, 0.0, 0.0, 0.0, 0.0, 0.0, 0.0, 0.0, 0.0, 0.2, 1.0, 1.0, 1.0, 1.0, 1.0, 1.0, 0.6705882352941176, 0.0, 0.0, 0.792156862745098, 1.0, 1.0, 1.0, 1.0, 1.0, 1.0, 1.0, 1.0, 0.0, 0.0, 0.7490196078431373, 1.0, 1.0, 1.0, 1.0, 0.8745098039215686, 0.4745098039215686, 0.22745098039215686, 0.06666666666666667, 0.0, 0.0, 0.0, 0.03137254901960784, 0.18823529411764706, 0.5607843137254902, 1.0, 1.0, 1.0, 1.0, 1.0, 1.0, 1.0, 0.00784313725490196, 0.0, 0.0, 0.16862745098039217, 1.0, 1.0, 1.0, 1.0, 1.0, 1.0, 1.0, 1.0, 0.0, 0.0, 0.7372549019607844, 1.0, 1.0, 1.0, 1.0, 1.0, 1.0, 1.0, 0.5803921568627451, 0.1568627450980392, 0.06666666666666667, 0.15294117647058825, 0.5450980392156862, 1.0, 1.0, 1.0, 1.0, 1.0, 1.0, 1.0, 1.0, 1.0, 0.0, 0.0, 0.0, 0.0, 0.7686274509803922, 1.0, 1.0, 1.0, 1.0, 1.0, 1.0, 1.0, 0.03137254901960784, 0.0, 0.0, 0.3568627450980392, 0.8352941176470589, 1.0, 1.0, 1.0, 1.0, 1.0, 0.7725490196078432, 0.2980392156862745, 0.3215686274509804, 0.8705882352941177, 1.0, 1.0, 1.0, 1.0, 1.0, 1.0, 1.0, 1.0, 1.0, 0.4627450980392157, 0.0, 0.0, 0.0, 0.0, 0.0, 0.9215686274509803, 1.0, 1.0, 1.0, 1.0, 1.0, 1.0, 0.6235294117647059, 0.0, 0.0, 0.0, 0.0, 0.0, 0.2627450980392157, 0.396078431372549, 0.5019607843137255, 0.6627450980392157, 0.18823529411764706, 0.23529411764705882, 0.8392156862745098, 1.0, 1.0, 1.0, 1.0, 1.0, 1.0, 1.0, 1.0, 1.0, 1.0, 0.0, 0.0, 0.0, 0.0, 0.0, 0.0, 0.2980392156862745, 0.9176470588235294, 1.0, 1.0, 1.0, 1.0, 1.0, 1.0, 0.47843137254901963, 0.0, 0.0, 0.0, 0.0, 0.0, 0.0, 0.0, 0.0, 0.0, 0.2823529411764706, 1.0, 1.0, 1.0, 1.0, 1.0, 1.0, 1.0, 1.0, 1.0, 1.0, 0.8980392156862745, 0.0, 0.0, 0.0, 0.0, 0.0, 0.0, 0.0, 0.2549019607843137, 0.7725490196078432, 0.9725490196078431, 1.0, 1.0, 1.0, 1.0, 1.0, 0.6901960784313725, 0.043137254901960784, 0.0, 0.0, 0.0, 0.0, 0.0, 0.0, 0.043137254901960784, 1.0, 1.0, 1.0, 1.0, 1.0, 1.0, 1.0, 1.0, 1.0, 1.0, 1.0, 0.0, 0.0, 0.0, 0.0, 0.0, 0.0, 0.0, 0.0, 0.0, 0.0, 0.4235294117647059, 0.803921568627451, 1.0, 1.0, 1.0, 1.0, 1.0, 1.0, 0.592156862745098, 0.1568627450980392, 0.027450980392156862, 0.011764705882352941, 