{"worldSize": 128, "R": 18.0, "T": 10.0, "numKernels": 1, "betaLen": [2], "beta0": [1.0], "beta1": [0.4166666666666667], "beta2": [0.0], "mu": [0.34], "sigma": [0.051], "eta": [1.0], "relR": [1.0], "src": [0], "dst": [0], "init": {"type": "seed", "size": [30, 32, 1], "cells": [0.0, 0.0, 0.0, 0.0, 0.0, 0.0, 0.0, 0.0, 0.0, 0.0, 0.0, 0.0196078431372549, 0.1607843137254902, 0.3254901960784314, 0.4627450980392157, 0.5215686274509804, 0.49411764705882355, 0.38823529411764707, 0.23137254901960785, 0.06666666666666667, 0.0, 0.0, 0.0, 0.0, 0.0, 0.0, 0.0, 0.0, 0.0, 0.0, 0.0, 0.0, 0.0, 0.0, 0.0, 0.0, 0.0, 0.0, 0.0, 0.0, 0.0, 0.050980392156862744, 0.3215686274509804, 0.6941176470588235, 1.0, 1.0, 1.0, 1.0, 1.0, 1.0, 1.0, 0.8117647058823529, 0.4392156862745098, 0.13725490196078433, 0.0, 0.0, 0.0, 0.0, 0.0, 0.0, 0.0, 0.0, 0.0, 0.0, 0.0, 0.0, 0.0, 0.0, 0.0, 0.0, 0.0, 0.0196078431372549, 0.3333333333333333, 0.8431372549019608, 1.0, 1.0, 1.0, 1.0, 1.0, 1.0, 1.0, 1.0, 1.0, 1.0, 1.0, 1.0, 0.4980392156862745, 0.07058823529411765, 0.0, 0.0, 0.0, 0.0, 0.0, 0.0, 0.0, 0.0, 0.0, 0.0, 0.0, 0.0, 0.0, 0.0, 0.1843137254901961, 0.8235294117647058, 1.0, 1.0, 1.0, 1.0, 1.0, 1.0, 1.0, 1.0, 1.0, 1.0, 1.0, 1.0, 1.0, 1.0, 1.0, 1.0, 0.3764705882352941, 0.0, 0.0, 0.0, 0.0, 0.0, 0.0, 0.0, 0.0, 0.0, 0.0, 0.0, 0.0, 0.403921568627451, 1.0, 1.0, 1.0, 1.0, 1.0, 1.0, 1.0, 1.0, 1.0, 1.0, 1.0, 1.0, 1.0, 1.0, 1.0, 1.0, 1.0, 1.0, 1.0, 1.0, 0.09803921568627451, 0.0, 0.0, 0.0, 0.0, 0.0, 0.0, 0.0, 0.0, 0.0, 0.5098039215686274, 1.0, 1.0, 1.0, 1.0, 1.0, 1.0, 1.0, 1.0, 1.0, 1.0, 1.0, 1.0, 1.0, 1.0, 1.0, 1.0, 1.0, 1.0, 1.0, 1.0, 1.0, 1.0, 0.33725490196078434, 0.0, 0.0, 0.0, 0.0, 0.0, 0.0, 0.0, 0.396078431372549, 1.0, 1.0, 1.0, 1.0, 1.0, 1.0, 1.0, 1.0, 0.8392156862745098, 0.6, 0.40784313725490196, 0.27450980392156865, 0.21568627450980393, 0.2784313725490196, 0.5176470588235295, 0.8823529411764706, 1.0, 1.0, 1.0, 1.0, 1.0, 1.0, 1.0, 1.0, 0.403921568627451, 0.0, 0.0, 0.0, 0.0, 0.0, 0.10980392156862745, 1.0, 1.0, 1.0, 1.0, 1.0, 1.0, 1.0, 0.9333333333333333, 0.2549019607843137, 0.0, 0.0, 0.0, 0.0, 0.0, 0.0, 0.0, 0.0, 0.5137254901960784, 1.0, 1.0, 1.0, 1.0, 1.0, 1.0, 1.0, 1.0, 0.16862745098039217, 0.0, 0.0, 0.0, 0.0, 1.0, 1.0, 1.0, 1.0, 1.0, 1.0, 1.0, 1.0, 0.23529411764705882, 0.0, 0.0, 0.0, 0.0, 0.0, 0.0, 0.0, 0.0, 0.0, 0.0, 0.592156862745098, 1.0, 1.0, 1.0, 1.0, 1.0, 1.0, 1.0, 1.0, 0.0, 0.0, 0.0, 0.3215686274509804, 1.0, 1.0, 1.0, 1.0, 1.0, 1.0, 1.0, 0.996078431372549, 0.0, 0.0, 0.0, 0.0, 0.0, 0.0, 0.0, 0.0, 0.0, 0.0, 0.0, 0.0, 0.8823529411764706, 1.0, 1.0, 1.0, 1.0, 1.0, 1.0, 1.0, 0.4549019607843137, 0.0, 0.0, 1.0, 1.0, 1.0, 1.0, 1.0, 1.0, 1.0, 1.0, 0.49019607843137253, 0.0, 0.0, 0.0, 0.0, 0.0, 0.0, 0.027450980392156862, 0.01568627450980392, 0.0, 0.0, 0.0, 0.0, 0.5333333333333333, 0.9882352941176471, 1.0, 1.0, 1.0, 1.0, 1.0, 1.0, 1.0, 0.0, 0.0196078431372549, 1.0, 1.0, 1.0, 1.0, 1.0, 1.0, 1.0, 1.0, 0.0, 0.0, 0.0, 0.0, 0.0, 0.24705882352941178, 0.796078431372549, 1.0, 0.8431372549019608, 0.3764705882352941, 0.00784313725490196, 0.0, 0.0, 0.0784313725490196, 0.7019607843137254, 1.0, 1.0, 1.0, 1.0, 1.0, 1.0, 1.0, 0.0, 0.34509803921568627, 1.0, 1.0, 1.0, 1.0, 1.0, 1.0, 1.0, 0.4196078431372549, 0.0, 0.0, 0.0, 0.0, 0.16470588235294117, 1.0, 1.0, 1.0, 1.0, 1.0, 0.2196078431372549, 0.0, 0.0, 0.0, 0.0, 0.807843137254902, 1.0, 1.0, 1.0, 1.0, 1.0, 1.0, 0.0, 0.7529411764705882, 1.0, 1.0, 1.0, 1.0, 1.0, 1.0, 0.6196078431372549, 0.0, 0.0, 0.0, 0.0, 0.0, 0.6627450980392157, 0.7058823529411765, 0.8313725490196079, 0.9921568627450981, 1.0, 1.0, 0.24313725490196078, 0.0, 0.0, 0.0, 0.0, 0.0, 1.0, 1.0, 1.0, 1.0, 1.0, 1.0, 0.24705882352941178, 1.0, 1.0, 1.0, 1.0, 1.0, 1.0, 0.7372549019607844, 0.0, 0.0, 0.0, 0.0, 0.0, 0.0, 0.0, 0.0, 0.0, 0.0, 0.0, 0.5607843137254902, 0.0, 0.0, 0.0, 0.0, 0.0, 0.0, 0.9607843137254902, 1.0, 1.0, 1.0, 1.0, 1.0, 0.0, 0.9725490196078431, 1.0, 1.0, 1.0, 1.0, 1.0, 0.19215686274509805, 0.0, 0.0, 0.0, 0.0, 0.0, 0.0, 0.0, 0.0, 0.0, 0.0, 0.0, 0.0, 0.0, 0.0, 0.0, 0.0, 0.0, 0.0, 0.06274509803921569, 1.0, 1.0, 1.0, 1.0, 0.6, 0.0, 0.7725490196078432, 1.0, 1.0, 1.0, 1.0, 1.0, 0.0, 0.0, 0.0, 0.0, 0.0196078431372549, 0.047058823529411764, 0.0, 0.0, 0.0, 0.0, 0.0, 0.0, 0.0, 0.0, 0.13333333333333333, 0.050980392156862744, 0.0, 0.0, 0.0, 0.20784313725490197, 1.0, 1.0, 1.0, 0.5882352941176471, 0.0, 0.0, 0.0, 0.9254901960784314, 0.996078431372549, 1.0, 1.0, 1.0, 0.2196078431372549, 0.0, 0.0, 0.06274509803921569, 0.8117647058823529, 1.0, 0.043137254901960784, 0.0, 0.0, 0.0, 0.0, 0.0, 0.0, 0.0, 1.0, 1.0, 0.4, 0.0, 0.0, 0.6078431372549019, 1.0, 1.0, 1.0, 0.0, 0.0, 0.0, 0.0, 0.7372549019607844, 0.8509803921568627, 1.0, 1.0, 1.0, 1.0, 0.0, 0.0, 0.6941176470588235, 1.0, 1.0, 1.0, 0.0, 0.0, 0.0, 0.0, 0.0, 0.0, 0.2, 1.0, 1.0, 1.0, 0.39215686274509803, 0.047058823529411764, 1.0, 1.0, 1.0, 1.0, 0.0, 0.0, 0.0, 0.0, 0.3333333333333333, 0.5450980392156862, 0.8784313725490196, 1.0, 1.0, 1.0, 0.011764705882352941, 0.03529411764705882, 1.0, 1.0, 1.0, 1.0, 0.09411764705882353, 0.0, 0.0, 0.0, 0.0, 0.0, 1.0, 1.0, 1.0, 1.0, 1.0, 0.33725490196078434, 1.0, 1.0, 1.0, 0.8862745098039215, 0.0, 0.0, 0.0, 0.0, 0.0, 0.0, 0.4666666666666667, 1.0, 1.0, 1.0, 0.06666666666666667, 0.0, 1.0, 1.0, 1.0, 1.0, 0.8823529411764706, 0.0, 0.0, 0.0, 0.0, 0.0, 1.0, 1.0, 1.0, 1.0, 1.0, 0.34901960784313724, 1.0, 1.0, 1.0, 0.41568627450980394, 0.0, 0.0, 0.0, 0.0, 0.0, 0.0, 0.0, 0.9411764705882353, 1.0, 1.0, 0.5098039215686274, 0.0, 1.0, 1.0, 1.0, 1.0, 1.0, 0.0, 0.0, 0.0, 0.0, 0.0, 1.0, 1.0, 1.0, 1.0, 0.9647058823529412, 0.11372549019607843, 1.0, 1.0, 1.0, 0.0, 0.0, 0.0, 0.0, 0.0, 0.0, 0.0, 0.0, 0.6039215686274509, 1.0, 1.0, 0.7568627450980392, 0.0, 0.0, 1.0, 1.0, 1.0, 1.0, 0.0, 0.0, 0.0, 0.0, 0.0, 1.0, 1.0, 1.0, 1.0, 0.8156862745098039, 0.1411764705882353, 1.0, 1.0, 1.0, 0.0, 0.0, 0.0, 0.0, 0.0, 0.0, 0.0, 0.0, 0.0, 1.0, 1.0, 1.0, 0.0, 0.0, 0.7215686274509804, 1.0, 1.0, 1.0, 0.0, 0.0, 0.0, 0.0, 0.07058823529411765, 1.0, 1.0, 1.0, 1.0, 0.5764705882352941, 1.0, 1.0, 1.0, 1.0, 0.0, 0.0, 0.0, 0.0, 0.0, 0.0, 0.0, 0.0, 0.0, 0.6313725490196078, 1.0, 1.0, 0.7333333333333333, 0.12941176470588237, 1.0, 1.0, 1.0, 1.0, 1.0, 0.5372549019607843, 0.43137254901960786, 0.7058823529411765, 1.0, 1.0, 1.0, 1.0, 1.0, 1.0, 1.0, 1.0, 1.0, 0.0, 0.0, 0.0, 0.0, 0.0, 0.0, 0.0, 0.0, 0.0, 0.0, 0.0, 0.9490196078431372, 1.0, 1.0, 1.0, 1.0, 1.0, 1.0, 1.0, 1.0, 1.0, 1.0, 1.0, 1.0, 1.0, 1.0, 1.0, 1.0, 1.0, 1.0, 1.0, 0.8941176470588236, 0.0, 0.0, 0.0, 0.0, 0.0, 0.0, 0.0, 0.0, 0.0, 0.0, 0.0, 0.0, 0.984313725490196, 1.0, 1.0, 1.0, 1.0, 1.0, 1.0, 1.0, 1.0, 1.0, 1.0, 1.0, 1.0, 1.0, 1.0, 1.0, 1.0, 1.0, 0.8705882352941177, 0.0, 0.0, 0.0, 0.0, 0.0, 0.0, 0.0, 0.0, 0.0, 0.0, 0.0, 0.0, 0.0, 0.0, 0.8784313725490196, 1.0, 1.0, 1.0, 1.0, 1.0, 1.0, 0.9921568627450981, 0.9725490196078431, 0.9607843137254902, 0.9764705882352941, 1.0, 1.0, 1.0, 1.0, 0.9568627450980393, 0.49411764705882355, 0.0, 0.0, 0.0, 0.0, 0.0, 0.0, 0.0, 0.0, 0.0, 0.0, 0.0, 0.0, 0.0, 0.0, 0.0, 0.0, 0.4196078431372549, 0.7843137254901961, 0.8784313725490196, 0.8705882352941177, 0.803921568627451, 0.6862745098039216, 0.5137254901960784, 0.25882352941176473, 0.06666666666666667, 0.0196078431372549, 0.058823529411764705, 0.10980392156862745, 0.07058823529411765, 0.0, 0.0, 0.0, 0.0, 0.0, 0.0, 0.0, 0.0, 0.0, 0.0, 0.0, 0.0, 0.0, 0.0, 0.0, 0.0, 0.0, 0.0, 0.0, 0.0, 0.0, 0.0, 0.027450980392156862, 0.0, 0.0, 0.0, 0.0, 0.0, 0.0, 0.0, 0.0, 0.0, 0.0, 0.0, 0.0, 0.0, 0.0, 0.0, 0.0, 0.0, 0.0, 0.0]}, "name": "Heptabullium cavus gyrans", "mono": true}