{"worldSize": 128, "R": 27.0, "T": 10.0, "numKernels": 1, "betaLen": [3], "beta0": [1.0], "beta1": [0.16666666666666666], "beta2": [0.16666666666666666], "mu": [0.39], "sigma": [0.066], "eta": [1.0], "relR": [1.0], "src": [0], "dst": [0], "init": {"type": "seed", "size": [42, 42, 1], "cells": [0.0, 0.0, 0.0, 0.0, 0.0, 0.0, 0.0, 0.0, 0.0, 0.0, 0.0, 0.0, 0.0, 0.0, 0.0, 0.0, 0.01568627450980392, 0.06666666666666667, 0.07058823529411765, 0.043137254901960784, 0.01568627450980392, 0.0, 0.0, 0.0, 0.0, 0.0, 0.0, 0.0, 0.0, 0.0, 0.0, 0.0, 0.0, 0.0, 0.0, 0.0, 0.0, 0.0, 0.0, 0.0, 0.0, 0.0, 0.0, 0.0, 0.0, 0.0, 0.0, 0.0, 0.0, 0.0, 0.0, 0.0, 0.0, 0.0, 0.0, 0.00784313725490196, 0.7529411764705882, 1.0, 1.0, 1.0, 1.0, 1.0, 1.0, 0.8431372549019608, 0.6980392156862745, 0.5490196078431373, 0.37254901960784315, 0.17254901960784313, 0.023529411764705882, 0.0, 0.0, 0.0, 0.0, 0.0, 0.0, 0.0, 0.0, 0.0, 0.0, 0.0, 0.0, 0.0, 0.0, 0.0, 0.0, 0.0, 0.0, 0.0, 0.0, 0.0, 0.0, 0.0, 0.0, 0.0, 0.0, 0.0, 1.0, 1.0, 1.0, 1.0, 1.0, 1.0, 1.0, 1.0, 1.0, 1.0, 1.0, 1.0, 1.0, 1.0, 1.0, 0.9019607843137255, 0.27450980392156865, 0.00392156862745098, 0.0, 0.0, 0.0, 0.0, 0.0, 0.0, 0.0, 0.0, 0.0, 0.0, 0.0, 0.0, 0.0, 0.0, 0.0, 0.0, 0.0, 0.0, 0.0, 0.0, 0.0, 0.0, 0.0, 1.0, 1.0, 1.0, 1.0, 1.0, 1.0, 1.0, 1.0, 1.0, 1.0, 1.0, 1.0, 1.0, 1.0, 1.0, 1.0, 1.0, 1.0, 1.0, 0.3333333333333333, 0.0, 0.0, 0.0, 0.0, 0.0, 0.0, 0.0, 0.0, 0.0, 0.0, 0.0, 0.0, 0.0, 0.0, 0.0, 0.0, 0.0, 0.0, 0.0, 0.0, 0.0, 1.0, 1.0, 1.0, 1.0, 1.0, 1.0, 1.0, 1.0, 1.0, 1.0, 1.0, 1.0, 1.0, 1.0, 1.0, 1.0, 1.0, 1.0, 1.0, 1.0, 1.0, 0.8235294117647058, 0.11372549019607843, 0.0, 0.0, 0.0, 0.0, 0.0, 0.0, 0.0, 0.0, 0.0, 0.0, 0.0, 0.0, 0.0, 0.0, 0.0, 0.0, 0.0, 0.0, 1.0, 1.0, 1.0, 1.0, 1.0, 1.0, 1.0, 1.0, 1.0, 1.0, 1.0, 1.0, 1.0, 1.0, 1.0, 1.0, 1.0, 1.0, 1.0, 1.0, 1.0, 1.0, 1.0, 1.0, 0.2549019607843137, 0.0, 0.0, 0.0, 0.0, 0.0, 0.0, 0.0, 0.0, 0.0, 0.0, 0.0, 0.0, 0.0, 0.0, 0.0, 0.5647058823529412, 1.0, 1.0, 1.0, 1.0, 1.0, 1.0, 1.0, 1.0, 1.0, 1.0, 1.0, 1.0, 1.0, 1.0, 1.0, 1.0, 1.0, 1.0, 1.0, 1.0, 1.0, 1.0, 1.0, 1.0, 1.0, 1.0, 0.34509803921568627, 0.0, 0.0, 0.0, 0.0, 0.0, 0.0, 0.0, 0.0, 0.0, 0.0, 0.0, 0.0, 0.0, 0.4627450980392157, 1.0, 1.0, 1.0, 1.0, 1.0, 1.0, 1.0, 1.0, 1.0, 1.0, 1.0, 1.0, 0.5490196078431373, 0.0, 0.0, 0.12941176470588237, 0.8235294117647058, 1.0, 1.0, 1.0, 1.0, 1.0, 1.0, 1.0, 1.0, 1.0, 1.0, 1.0, 0.3607843137254902, 0.0, 0.0, 0.0, 0.0, 0.0, 0.0, 0.0, 0.0, 0.0, 0.0, 0.0, 0.1568627450980392, 1.0, 1.0, 1.0, 1.0, 1.0, 1.0, 1.0, 1.0, 1.0, 1.0, 1.0, 1.0, 0.0, 0.0, 0.0, 0.0, 0.0, 0.3137254901960784, 1.0, 1.0, 1.0, 1.0, 1.0, 1.0, 1.0, 1.0, 1.0, 1.0, 1.0, 1.0, 0.30196078431372547, 0.0, 0.0, 0.0, 0.0, 0.0, 0.0, 0.0, 0.0, 0.0, 0.0, 1.0, 1.0, 1.0, 1.0, 0.01568627450980392, 0.0, 1.0, 1.0, 1.0, 1.0, 1.0, 1.0, 0.0, 0.0, 0.0, 0.0, 0.0, 0.0, 0.6980392156862745, 1.0, 1.0, 1.0, 1.0, 1.0, 1.0, 1.0, 1.0, 1.0, 1.0, 1.0, 1.0, 1.0, 0.16862745098039217, 0.0, 0.0, 0.0, 0.0, 0.0, 0.0, 0.0, 0.0, 0.9686274509803922, 1.0, 1.0, 1.0, 0.4235294117647059, 0.0, 0.0, 1.0, 1.0, 1.0, 1.0, 1.0, 1.0, 0.0, 0.0, 0.0, 0.0, 0.0, 0.0, 1.0, 1.0, 1.0, 1.0, 0.9058823529411765, 0.19215686274509805, 0.4235294117647059, 0.9372549019607843, 1.0, 1.0, 1.0, 1.0, 1.0, 1.0, 1.0, 0.011764705882352941, 0.0, 0.0, 0.0, 0.0, 0.0, 0.0, 0.5058823529411764, 1.0, 1.0, 1.0, 1.0, 0.1843137254901961, 0.0, 0.6509803921568628, 1.0, 1.0, 1.0, 1.0, 1.0, 0.0, 0.0, 0.0, 0.0, 0.0, 0.0, 1.0, 1.0, 1.0, 1.0, 1.0, 0.0, 0.0, 0.0, 0.00392156862745098, 0.9411764705882353, 1.0, 1.0, 1.0, 1.0, 1.0, 1.0, 0.5058823529411764, 0.0, 0.0, 0.0, 0.0, 0.0, 0.0, 0.9803921568627451, 1.0, 1.0, 1.0, 1.0, 1.0, 1.0, 1.0, 1.0, 1.0, 1.0, 1.0, 0.0, 0.0, 0.0, 0.0, 0.0, 0.050980392156862744, 1.0, 1.0, 1.0, 1.0, 1.0, 0.0, 0.0, 0.0, 0.0, 0.0, 0.5647058823529412, 1.0, 1.0, 1.0, 1.0, 1.0, 1.0, 1.0, 0.023529411764705882, 0.0, 0.0, 0.0, 0.0, 0.22745098039215686, 1.0, 1.0, 1.0, 1.0, 1.0, 1.0, 1.0, 1.0, 1.0, 1.0, 0.10588235294117647, 0.0, 0.0, 0.0, 0.0, 0.0, 1.0, 1.0, 1.0, 1.0, 1.0, 1.0, 0.25882352941176473, 0.0, 0.0, 0.0, 0.0, 0.0, 0.5333333333333333, 1.0, 1.0, 1.0, 1.0, 1.0, 1.0, 1.0, 0.38823529411764707, 0.0, 0.0, 0.0, 0.0, 0.9254901960784314, 1.0, 1.0, 1.0, 1.0, 1.0, 1.0, 1.0, 1.0, 1.0, 0.0, 0.0, 0.0, 0.0, 0.0, 0.0, 1.0, 1.0, 1.0, 1.0, 1.0, 1.0, 1.0, 0.0, 0.0, 0.0, 0.0, 0.0, 0.0, 1.0, 1.0, 1.0, 1.0, 1.0, 1.0, 1.0, 1.0, 1.0, 0.0, 0.0, 0.0, 0.0, 1.0, 1.0, 1.0, 1.0, 1.0, 1.0, 1.0, 1.0, 1.0, 0.9215686274509803, 0.0, 0.0, 0.0, 0.0, 0.0, 1.0, 1.0, 1.0, 1.0, 1.0, 1.0, 1.0, 0.0, 0.0, 0.0, 0.0, 0.0, 0.0, 1.0, 1.0, 1.0, 1.0, 1.0, 1.0, 1.0, 1.0, 1.0, 1.0, 0.03529411764705882, 0.0, 0.0, 0.3176470588235294, 1.0, 1.0, 1.0, 0.21568627450980393, 0.6823529411764706, 1.0, 1.0, 1.0, 1.0, 0.0, 0.0, 0.0, 0.0, 0.0, 1.0, 1.0, 1.0, 1.0, 1.0, 1.0, 1.0, 0.0, 0.0, 0.0, 0.0, 0.0, 0.5176470588235295, 1.0, 1.0, 1.0, 1.0, 1.0, 1.0, 1.0, 1.0, 1.0, 1.0, 1.0, 0.16470588235294117, 0.0, 0.0, 0.8156862745098039, 1.0, 1.0, 0.6588235294117647, 0.0, 0.0, 0.8784313725490196, 1.0, 1.0, 1.0, 0.0, 0.0, 0.0, 0.0, 0.5137254901960784, 1.0, 1.0, 1.0, 1.0, 1.0, 0.49411764705882355, 0.0, 0.0, 0.0, 0.0, 0.0, 1.0, 1.0, 1.0, 1.0, 1.0, 1.0, 1.0, 1.0, 1.0, 1.0, 1.0, 1.0, 1.0, 0.30980392156862746, 0.0, 0.0, 0.9686274509803922, 1.0, 1.0, 0.12156862745098039, 0.0, 0.0, 0.8745098039215686, 1.0, 1.0, 1.0, 0.0, 0.0, 0.0, 0.0, 1.0, 1.0, 1.0, 1.0, 1.0, 0.0, 0.0, 0.0, 0.0, 0.0, 0.0, 1.0, 1.0, 1.0, 1.0, 1.0, 1.0, 0.07450980392156863, 0.0, 0.5019607843137255, 1.0, 1.0, 1.0, 1.0, 1.0, 0.44313725490196076, 0.0, 0.0, 1.0, 1.0, 1.0, 0.2196078431372549, 0.0, 0.0, 1.0, 1.0, 1.0, 1.0, 0.0, 0.0, 0.0, 0.5019607843137255, 1.0, 1.0, 1.0, 1.0, 0.0, 0.0, 0.0, 0.0, 0.0, 0.0, 1.0, 1.0, 1.0, 1.0, 1.0, 1.0, 0.0, 0.0, 0.0, 0.0, 1.0, 1.0, 1.0, 1.0, 1.0, 0.6392156862745098, 0.0, 0.0, 1.0, 1.0, 1.0, 1.0, 0.7725490196078432, 1.0, 1.0, 1.0, 1.0, 1.0, 0.0, 0.0, 0.0, 0.9215686274509803, 1.0, 1.0, 1.0, 0.8823529411764706, 0.0, 0.0, 0.0, 0.0, 0.0, 0.23921568627450981, 1.0, 1.0, 1.0, 1.0, 1.0, 0.0, 0.0, 0.0, 0.0, 0.0, 1.0, 1.0, 1.0, 1.0, 1.0, 0.9450980392156862, 0.0, 0.0, 1.0, 1.0, 1.0, 1.0, 1.0, 1.0, 1.0, 1.0, 1.0, 0.7490196078431373, 0.0, 0.0, 0.0, 0.9803921568627451, 1.0, 1.0, 1.0, 0.6862745098039216, 0.0, 0.0, 0.0, 0.0, 0.0, 1.0, 1.0, 1.0, 1.0, 1.0, 0.1450980392156863, 0.0, 0.0, 0.0, 0.0, 0.0, 1.0, 1.0, 1.0, 1.0, 1.0, 1.0, 0.043137254901960784, 0.10588235294117647, 1.0, 1.0, 1.0, 1.0, 1.0, 1.0, 1.0, 1.0, 1.0, 0.3058823529411765, 0.0, 0.0, 0.0, 0.9176470588235294, 1.0, 1.0, 1.0, 1.0, 0.06274509803921569, 0.0, 0.0, 0.0, 1.0, 1.0, 1.0, 1.0, 1.0, 1.0, 0.0, 0.0, 0.0, 0.0, 0.0, 0.5058823529411764, 1.0, 1.0, 1.0, 1.0, 1.0, 1.0, 0.1450980392156863, 0.23137254901960785, 1.0, 1.0, 1.0, 1.0, 1.0, 1.0, 1.0, 1.0, 1.0, 0.043137254901960784, 0.0, 0.0, 0.0, 0.6274509803921569, 1.0, 1.0, 1.0, 1.0, 1.0, 0.6431372549019608, 0.8117647058823529, 1.0, 1.0, 1.0, 1.0, 1.0, 1.0, 0.0, 0.0, 0.0, 0.0, 0.0, 0.07058823529411765, 1.0, 1.0, 1.0, 1.0, 1.0, 1.0, 1.0, 0.24313725490196078, 0.27058823529411763, 1.0, 1.0, 1.0, 1.0, 1.0, 0.9882352941176471, 1.0, 1.0, 1.0, 0.00392156862745098, 0.0, 0.0, 0.0, 0.01568627450980392, 0.9607843137254902, 1.0, 1.0, 1.0, 1.0, 1.0, 1.0, 1.0, 1.0, 1.0, 1.0, 1.0, 0.0, 0.0, 0.0, 0.0, 0.0, 0.7411764705882353, 1.0, 1.0, 1.0, 1.0, 1.0, 1.0, 1.0, 1.0, 0.2549019607843137, 0.1803921568627451, 1.0, 1.0, 1.0, 0.8823529411764706, 0.0, 0.0, 0.7725490196078432, 1.0, 0.8235294117647058, 0.10196078431372549, 0.0, 0.0, 0.0, 0.0, 0.5725490196078431, 0.996078431372549, 1.0, 1.0, 1.0, 1.0, 1.0, 1.0, 1.0, 1.0, 1.0, 0.0, 0.0, 0.0, 0.0, 0.0, 1.0, 1.0, 1.0, 1.0, 1.0, 1.0, 1.0, 1.0, 1.0, 1.0, 0.12549019607843137, 0.0, 0.996078431372549, 1.0, 1.0, 0.8705882352941177, 0.0, 0.0, 0.3803921568627451, 1.0, 1.0, 0.7490196078431373, 0.06666666666666667, 0.0, 0.0, 0.0, 0.0, 0.5686274509803921, 0.9294117647058824, 1.0, 1.0, 1.0, 1.0, 1.0, 1.0, 0.8313725490196079, 0.0, 0.0, 0.0, 0.0, 0.0, 1.0, 1.0, 1.0, 1.0, 1.0, 1.0, 1.0, 1.0, 1.0, 1.0, 1.0, 0.0, 0.0, 0.8862745098039215, 1.0, 1.0, 1.0, 0.17254901960784313, 0.0, 0.8117647058823529, 1.0, 1.0, 1.0, 1.0, 