{"worldSize": 128, "R": 27.0, "T": 10.0, "numKernels": 1, "betaLen": [3], "beta0": [1.0], "beta1": [0.6666666666666666], "beta2": [0.3333333333333333], "mu": [0.32], "sigma": [0.045], "eta": [1.0], "relR": [1.0], "src": [0], "dst": [0], "init": {"type": "seed", "size": [34, 32, 1], "cells": [0.0, 0.0, 0.0, 0.0, 0.0, 0.0, 0.0, 0.0, 0.0, 0.0, 0.0, 0.0, 0.0, 0.0, 0.0, 0.0, 0.00784313725490196, 0.00784313725490196, 0.0, 0.0, 0.0, 0.0, 0.0, 0.0, 0.0, 0.0, 0.0, 0.0, 0.0, 0.0, 0.0, 0.0, 0.0, 0.0, 0.0, 0.0, 0.0, 0.0, 0.0, 0.0, 0.0, 0.0, 0.0, 0.047058823529411764, 0.18823529411764706, 0.34901960784313724, 0.48627450980392156, 0.6, 0.6588235294117647, 0.6784313725490196, 0.6274509803921569, 0.5176470588235295, 0.33725490196078434, 0.13725490196078433, 0.00784313725490196, 0.0, 0.0, 0.0, 0.0, 0.0, 0.0, 0.0, 0.0, 0.0, 0.0, 0.0, 0.0, 0.0, 0.0, 0.0, 0.0, 0.0, 0.0, 0.2196078431372549, 0.5882352941176471, 0.9686274509803922, 1.0, 1.0, 1.0, 1.0, 1.0, 1.0, 1.0, 1.0, 1.0, 1.0, 0.6196078431372549, 0.23921568627450981, 0.00784313725490196, 0.0, 0.0, 0.0, 0.0, 0.0, 0.0, 0.0, 0.0, 0.0, 0.0, 0.0, 0.0, 0.0, 0.0, 0.1568627450980392, 0.7490196078431373, 1.0, 1.0, 1.0, 1.0, 1.0, 1.0, 1.0, 1.0, 1.0, 1.0, 1.0, 1.0, 1.0, 1.0, 1.0, 0.5294117647058824, 0.09803921568627451, 0.0, 0.0, 0.0, 0.0, 0.0, 0.0, 0.0, 0.0, 0.0, 0.0, 0.0, 0.0, 0.3176470588235294, 1.0, 1.0, 1.0, 1.0, 1.0, 1.0, 1.0, 1.0, 1.0, 1.0, 1.0, 1.0, 1.0, 1.0, 1.0, 1.0, 1.0, 1.0, 0.7294117647058823, 0.16862745098039217, 0.0, 0.0, 0.0, 0.0, 0.0, 0.0, 0.0, 0.0, 0.0, 0.0, 0.30980392156862746, 1.0, 1.0, 1.0, 1.0, 1.0, 1.0, 1.0, 1.0, 1.0, 1.0, 1.0, 1.0, 1.0, 1.0, 1.0, 1.0, 1.0, 1.0, 1.0, 1.0, 0.8, 0.1568627450980392, 0.0, 0.0, 0.0, 0.0, 0.0, 0.0, 0.0, 0.0, 0.11764705882352941, 1.0, 1.0, 1.0, 1.0, 1.0, 1.0, 1.0, 1.0, 1.0, 1.0, 1.0, 1.0, 1.0, 1.0, 1.0, 1.0, 1.0, 1.0, 1.0, 1.0, 1.0, 1.0, 0.7372549019607844, 0.08627450980392157, 0.0, 0.0, 0.0, 0.0, 0.0, 0.0, 0.0, 1.0, 1.0, 1.0, 1.0, 1.0, 1.0, 1.0, 1.0, 1.0, 1.0, 1.0, 1.0, 1.0, 1.0, 1.0, 1.0, 1.0, 1.0, 1.0, 1.0, 1.0, 1.0, 1.0, 1.0, 0.6, 0.00784313725490196, 0.0, 0.0, 0.0, 0.0, 0.0, 0.5490196078431373, 1.0, 1.0, 1.0, 1.0, 1.0, 1.0, 1.0, 1.0, 1.0, 1.0, 0.8980392156862745, 0.7568627450980392, 0.6588235294117647, 0.6470588235294118, 0.7294117647058823, 0.8784313725490196, 0.9882352941176471, 1.0, 1.0, 1.0, 1.0, 1.0, 1.0, 1.0, 1.0, 0.38823529411764707, 0.0, 0.0, 0.0, 0.0, 0.08627450980392157, 1.0, 1.0, 1.0, 1.0, 1.0, 1.0, 1.0, 1.0, 1.0, 0.9490196078431372, 0.6784313725490196, 0.32941176470588235, 0.0392156862745098, 0.0, 0.0, 0.0, 0.2784313725490196, 0.6470588235294118, 0.9490196078431372, 1.0, 1.0, 1.0, 1.0, 1.0, 1.0, 1.0, 1.0, 0.12941176470588237, 0.0, 0.0, 0.0, 1.0, 1.0, 1.0, 1.0, 1.0, 1.0, 1.0, 1.0, 1.0, 0.9294117647058824, 0.5882352941176471, 0.12941176470588237, 0.0, 0.0, 0.0, 0.0, 0.0, 0.0, 0.0196078431372549, 0.5764705882352941, 0.9568627450980393, 1.0, 1.0, 1.0, 1.0, 1.0, 1.0, 1.0, 0.5882352941176471, 0.0, 0.0, 0.30980392156862746, 1.0, 1.0, 1.0, 1.0, 1.0, 1.0, 1.0, 1.0, 0.9294117647058824, 0.5686274509803921, 0.058823529411764705, 0.0, 0.0, 0.0392156862745098, 0.0392156862745098, 0.0, 0.0, 0.0, 0.0, 0.058823529411764705, 0.6862745098039216, 1.0, 1.0, 1.0, 1.0, 1.0, 1.0, 1.0, 1.0, 0.10980392156862745, 0.0, 1.0, 1.0, 1.0, 1.0, 1.0, 1.0, 1.0, 1.0, 0.9764705882352941, 0.6196078431372549, 0.047058823529411764, 0.0, 0.00784313725490196, 0.38823529411764707, 0.7490196078431373, 0.8, 0.5686274509803921, 0.24705882352941178, 0.027450980392156862, 0.0, 0.0, 0.34901960784313724, 0.8862745098039215, 1.0, 1.0, 1.0, 1.0, 1.0, 1.0, 1.0, 0.38823529411764707, 0.0, 1.0, 1.0, 1.0, 1.0, 1.0, 1.0, 1.0, 1.0, 0.9098039215686274, 0.2784313725490196, 0.0, 0.0, 0.3176470588235294, 1.0, 1.0, 1.0, 1.0, 1.0, 0.5568627450980392, 0.0784313725490196, 0.0, 0.09803921568627451, 0.7490196078431373, 1.0, 1.0, 1.0, 1.0, 1.0, 1.0, 1.0, 0.6980392156862745, 0.9882352941176471, 1.0, 1.0, 1.0, 1.0, 1.0, 1.0, 1.0, 1.0, 0.9490196078431372, 0.0196078431372549, 0.0, 0.0, 0.5490196078431373, 0.9882352941176471, 1.0, 1.0, 1.0, 1.0, 1.0, 0.3686274509803922, 0.0, 0.0, 0.6392156862745098, 1.0, 1.0, 1.0, 1.0, 1.0, 1.0, 1.0, 0.9568627450980393, 0.9764705882352941, 1.0, 1.0, 1.0, 1.0, 1.0, 1.0, 1.0, 1.0, 1.0, 0.13725490196078433, 0.0, 0.0, 0.25882352941176473, 0.4392156862745098, 0.7294117647058823, 0.9490196078431372, 1.0, 1.0, 1.0, 0.5098039215686274, 0.0, 0.0, 0.5764705882352941, 0.9882352941176471, 1.0, 1.0, 1.0, 1.0, 1.0, 1.0, 1.0, 0.9294117647058824, 1.0, 1.0, 1.0, 1.0, 1.0, 1.0, 1.0, 1.0, 1.0, 0.3686274509803922, 0.0, 0.0, 0.0, 0.0, 0.0, 0.027450980392156862, 0.47843137254901963, 0.8, 0.9490196078431372, 0.28627450980392155, 0.0, 0.0, 0.5490196078431373, 0.9764705882352941, 1.0, 1.0, 1.0, 1.0, 1.0, 1.0, 1.0, 0.7764705882352941, 1.0, 1.0, 1.0, 1.0, 1.0, 1.0, 1.0, 1.0, 1.0, 0.8274509803921568, 0.0, 0.0, 0.0, 0.0, 0.0, 0.0, 0.0, 0.0, 0.40784313725490196, 0.0, 0.0, 0.0, 0.6, 1.0, 1.0, 1.0, 1.0, 1.0, 1.0, 1.0, 1.0, 0.4666666666666667, 1.0, 1.0, 1.0, 1.0, 0.9098039215686274, 0.9372549019607843, 1.0, 1.0, 1.0, 1.0, 0.12941176470588237, 0.0, 0.0, 0.0, 0.0, 0.0, 0.0, 0.0, 0.0, 0.0, 0.0, 0.10980392156862745, 0.788235294117647, 1.0, 1.0, 1.0, 1.0, 1.0, 1.0, 1.0, 0.7372549019607844, 0.027450980392156862, 0.9764705882352941, 1.0, 1.0, 1.0, 0.5098039215686274, 0.7098039215686275, 1.0, 1.0, 1.0, 1.0, 0.5294117647058824, 0.0, 0.0, 0.0, 0.0, 0.0, 0.0, 0.0, 0.0, 0.0, 0.0784313725490196, 0.6, 1.0, 1.0, 1.0, 1.0, 1.0, 1.0, 1.0, 1.0, 0.42745098039215684, 0.0, 0.8666666666666667, 1.0, 1.0, 1.0, 0.0, 0.3176470588235294, 0.9568627450980393, 1.0, 1.0, 1.0, 1.0, 0.06666666666666667, 0.0, 0.0, 0.0, 0.0, 0.0, 0.0, 0.0, 0.24705882352941178, 0.6274509803921569, 1.0, 1.0, 1.0, 1.0, 1.0, 1.0, 1.0, 1.0, 1.0, 0.2, 0.0, 0.6078431372549019, 1.0, 1.0, 0.9098039215686274, 0.0, 0.0, 0.8, 1.0, 1.0, 1.0, 1.0, 0.6588235294117647, 0.06666666666666667, 0.0, 0.0, 0.0, 0.0, 0.12941176470588237, 0.7372549019607844, 1.0, 1.0, 1.0, 1.0, 1.0, 1.0, 1.0, 1.0, 1.0, 1.0, 1.0, 0.027450980392156862, 0.0, 0.23921568627450981, 1.0, 1.0, 0.9176470588235294, 0.0196078431372549, 0.0, 0.6470588235294118, 1.0, 1.0, 1.0, 1.0, 1.0, 0.8196078431372549, 0.4, 0.23921568627450981, 0.2980392156862745, 0.7098039215686275, 1.0, 1.0, 1.0, 1.0, 1.0, 1.0, 1.0, 1.0, 1.0, 1.0, 1.0, 1.0, 1.0, 0.0, 0.0, 0.0, 0.9294117647058824, 1.0, 1.0, 0.40784313725490196, 0.0196078431372549, 0.6666666666666666, 1.0, 1.0, 1.0, 1.0, 1.0, 1.0, 1.0, 1.0, 1.0, 1.0, 1.0, 1.0, 1.0, 1.0, 1.0, 1.0, 1.0, 1.0, 1.0, 1.0, 1.0, 1.0, 1.0, 0.0, 0.0, 0.0, 0.6078431372549019, 1.0, 1.0, 1.0, 0.7176470588235294, 1.0, 1.0, 1.0, 1.0, 1.0, 1.0, 1.0, 1.0, 1.0, 1.0, 1.0, 1.0, 1.0, 1.0, 1.0, 0.9490196078431372, 0.9490196078431372, 1.0, 1.0, 1.0, 1.0, 1.0, 1.0, 0.10980392156862745, 0.0, 0.0, 0.0, 0.08627450980392157, 0.9098039215686274, 1.0, 1.0, 1.0, 1.0, 1.0, 1.0, 0.8666666666666667, 0.8274509803921568, 0.8862745098039215, 0.9882352941176471, 1.0, 1.0, 1.0, 1.0, 1.0, 1.0, 0.9372549019607843, 0.6666666666666666, 0.5686274509803921, 0.9098039215686274, 1.0, 1.0, 1.0, 1.0, 1.0, 1.0, 0.0, 0.0, 0.0, 0.0, 0.0, 0.5098039215686274, 0.9686274509803922, 1.0, 1.0, 1.0, 1.0, 1.0, 0.42745098039215684, 0.1568627450980392, 0.25882352941176473, 0.5764705882352941, 0.9098039215686274, 1.0, 1.0, 1.0, 1.0, 0.7764705882352941, 0.2784313725490196, 0.0, 0.26666666666666666, 1.0, 1.0, 1.0, 1.0, 1.0, 1.0, 0.7176470588235294, 0.0, 0.0, 0.0, 0.0, 0.0, 0.0, 0.6392156862745098, 0.9568627450980393, 1.0, 1.0, 1.0, 1.0, 0.14901960784313725, 0.0, 0.0, 0.00784313725490196, 0.5882352941176471, 0.9568627450980393, 1.0, 1.0, 0.7686274509803922, 0.0392156862745098, 0.0, 0.0, 0.7686274509803922, 1.0, 1.0, 1.0, 1.0, 0.9764705882352941, 0.6470588235294118, 0.0, 0.0, 0.0, 0.0, 0.0, 0.0, 0.0, 0.06666666666666667, 0.5764705882352941, 0.9098039215686274, 1.0, 1.0, 1.0, 0.8274509803921568, 0.2196078431372549, 0.027450980392156862, 0.0, 0.6862745098039216, 1.0, 1.0, 1.0, 0.5568627450980392, 0.058823529411764705, 0.08627450980392157, 0.3686274509803922, 1.0, 1.0, 1.0, 1.0, 