{"worldSize": 128, "R": 27.0, "T": 10.0, "numKernels": 1, "betaLen": [3], "beta0": [1.0], "beta1": [0.6666666666666666], "beta2": [0.3333333333333333], "mu": [0.2], "sigma": [0.017], "eta": [1.0], "relR": [1.0], "src": [0], "dst": [0], "init": {"type": "seed", "size": [19, 19, 1], "cells": [0.0, 0.0, 0.0, 0.0, 0.0, 0.0, 0.8274509803921568, 1.0, 1.0, 1.0, 1.0, 1.0, 1.0, 0.5176470588235295, 0.09803921568627451, 0.0, 0.0, 0.0, 0.0, 0.0, 0.0, 0.0, 0.0, 0.9098039215686274, 1.0, 1.0, 1.0, 1.0, 1.0, 1.0, 1.0, 1.0, 1.0, 1.0, 0.9176470588235294, 0.0, 0.0, 0.0, 0.0, 0.0, 0.0, 1.0, 1.0, 1.0, 1.0, 1.0, 1.0, 1.0, 1.0, 1.0, 1.0, 1.0, 1.0, 1.0, 1.0, 0.0, 0.0, 0.0, 0.0, 1.0, 1.0, 1.0, 1.0, 1.0, 1.0, 0.9176470588235294, 0.6470588235294118, 1.0, 1.0, 1.0, 1.0, 1.0, 1.0, 1.0, 0.9294117647058824, 0.0, 0.0, 0.6078431372549019, 1.0, 1.0, 1.0, 1.0, 0.7098039215686275, 0.33725490196078434, 0.3568627450980392, 0.4666666666666667, 1.0, 1.0, 1.0, 1.0, 1.0, 1.0, 1.0, 1.0, 0.0, 0.0, 1.0, 1.0, 1.0, 1.0, 0.8470588235294118, 0.6470588235294118, 0.7098039215686275, 1.0, 1.0, 1.0, 1.0, 1.0, 1.0, 1.0, 1.0, 1.0, 1.0, 1.0, 0.0, 1.0, 1.0, 1.0, 1.0, 0.9176470588235294, 0.9568627450980393, 1.0, 1.0, 1.0, 1.0, 1.0, 1.0, 1.0, 1.0, 1.0, 1.0, 1.0, 1.0, 0.23921568627450981, 1.0, 1.0, 1.0, 1.0, 1.0, 1.0, 1.0, 1.0, 1.0, 1.0, 1.0, 1.0, 1.0, 0.8784313725490196, 0.8470588235294118, 1.0, 1.0, 1.0, 0.25882352941176473, 1.0, 1.0, 1.0, 1.0, 1.0, 1.0, 1.0, 1.0, 1.0, 1.0, 1.0, 1.0, 1.0, 0.32941176470588235, 0.17647058823529413, 1.0, 1.0, 1.0, 0.09803921568627451, 1.0, 1.0, 1.0, 1.0, 1.0, 1.0, 1.0, 1.0, 1.0, 1.0, 1.0, 1.0, 1.0, 0.16862745098039217, 0.32941176470588235, 1.0, 1.0, 1.0, 0.0, 1.0, 1.0, 1.0, 1.0, 1.0, 1.0, 1.0, 1.0, 1.0, 1.0, 1.0, 1.0, 1.0, 0.33725490196078434, 1.0, 1.0, 1.0, 1.0, 0.0, 1.0, 1.0, 1.0, 1.0, 1.0, 0.9764705882352941, 1.0, 1.0, 1.0, 1.0, 1.0, 1.0, 1.0, 1.0, 1.0, 1.0, 1.0, 0.9176470588235294, 0.0, 0.0, 1.0, 1.0, 1.0, 1.0, 0.47843137254901963, 0.5686274509803921, 0.9882352941176471, 1.0, 1.0, 1.0, 1.0, 1.0, 1.0, 1.0, 1.0, 1.0, 0.0, 0.0, 0.0, 1.0, 1.0, 1.0, 1.0, 1.0, 0.34901960784313724, 0.5176470588235295, 0.807843137254902, 0.9882352941176471, 1.0, 1.0, 1.0, 1.0, 1.0, 1.0, 1.0, 0.0, 0.0, 0.0, 0.0, 1.0, 1.0, 1.0, 1.0, 1.0, 0.8274509803921568, 0.788235294117647, 0.9686274509803922, 1.0, 1.0, 1.0, 1.0, 1.0, 1.0, 0.0, 0.0, 0.0, 0.0, 0.0, 0.09803921568627451, 1.0, 1.0, 1.0, 1.0, 1.0, 1.0, 1.0, 1.0, 1.0, 1.0, 1.0, 1.0, 0.1568627450980392, 0.0, 0.0, 0.0, 0.0, 0.0, 0.0, 0.0, 1.0, 1.0, 1.0, 1.0, 1.0, 1.0, 1.0, 1.0, 1.0, 1.0, 0.18823529411764706, 0.0, 0.0, 0.0, 0.0, 0.0, 0.0, 0.0, 0.0, 0.0, 0.7098039215686275, 1.0, 1.0, 1.0, 1.0, 1.0, 1.0, 1.0, 0.0, 0.0, 0.0, 0.0, 0.0, 0.0, 0.0, 0.0, 0.0, 0.0, 0.0, 0.0, 0.0, 0.0, 0.09803921568627451, 0.08627450980392157, 0.0, 0.0, 0.0, 0.0, 0.0, 0.0, 0.0, 0.0]}, "name": "Trilapillium rotans (2)", "mono": true}