{"worldSize": 128, "R": 18.0, "T": 10.0, "numKernels": 1, "betaLen": [2], "beta0": [1.0], "beta1": [0.5], "beta2": [0.0], "mu": [0.21], "sigma": [0.0235], "eta": [1.0], "relR": [1.0], "src": [0], "dst": [0], "init": {"type": "seed", "size": [21, 21, 1], "cells": [0.0, 0.0, 0.0, 0.0, 0.0, 0.011764705882352941, 0.0, 0.0, 0.0, 0.0, 0.0, 0.0, 0.0, 0.0, 0.0, 0.0, 0.0, 0.0, 0.0, 0.0, 0.0, 0.0, 0.0, 0.0, 0.043137254901960784, 0.1843137254901961, 0.19607843137254902, 0.047058823529411764, 0.00392156862745098, 0.0, 0.17647058823529413, 0.7372549019607844, 0.7725490196078432, 0.6039215686274509, 0.21568627450980393, 0.0, 0.0, 0.0, 0.0, 0.0, 0.0, 0.0, 0.0, 0.0, 0.047058823529411764, 0.596078431372549, 0.6666666666666666, 0.5529411764705883, 0.615686274509804, 1.0, 1.0, 1.0, 1.0, 1.0, 1.0, 1.0, 1.0, 1.0, 0.00392156862745098, 0.0, 0.0, 0.0, 0.0, 0.0, 0.0, 0.2901960784313726, 0.8431372549019608, 0.803921568627451, 0.8, 1.0, 1.0, 1.0, 0.8274509803921568, 0.0, 0.0, 0.0, 0.0, 1.0, 1.0, 0.9372549019607843, 0.06274509803921569, 0.011764705882352941, 0.00784313725490196, 0.0, 0.0, 0.09411764705882353, 0.6039215686274509, 0.9568627450980393, 0.9607843137254902, 1.0, 1.0, 1.0, 0.8941176470588236, 0.0, 0.0, 0.0, 0.0, 0.0, 0.28627450980392155, 1.0, 1.0, 0.6627450980392157, 0.12549019607843137, 0.10588235294117647, 0.0, 0.0, 0.25882352941176473, 0.8117647058823529, 1.0, 1.0, 1.0, 0.9882352941176471, 0.9568627450980393, 0.8745098039215686, 0.0, 0.0, 0.0, 0.0, 0.0, 0.0, 1.0, 1.0, 1.0, 0.32941176470588235, 0.20392156862745098, 0.011764705882352941, 0.0392156862745098, 0.4666666666666667, 1.0, 1.0, 0.996078431372549, 0.9058823529411765, 0.8588235294117647, 0.9058823529411765, 0.9529411764705882, 0.788235294117647, 0.0, 0.0, 0.0, 0.0, 0.8117647058823529, 1.0, 1.0, 1.0, 0.807843137254902, 0.3176470588235294, 0.0, 0.058823529411764705, 0.48627450980392156, 1.0, 1.0, 0.8901960784313725, 0.7333333333333333, 0.5411764705882353, 0.8470588235294118, 1.0, 1.0, 1.0, 0.7529411764705882, 0.8274509803921568, 0.9921568627450981, 0.9803921568627451, 0.9921568627450981, 1.0, 1.0, 1.0, 0.4980392156862745, 0.0, 0.0392156862745098, 0.38823529411764707, 1.0, 1.0, 0.5372549019607843, 0.0, 0.0, 0.0, 1.0, 1.0, 1.0, 1.0, 1.0, 1.0, 0.996078431372549, 0.8509803921568627, 0.9058823529411765, 1.0, 1.0, 0.792156862745098, 0.0, 0.0, 0.07058823529411765, 1.0, 1.0, 0.0, 0.0, 0.0, 0.0, 0.9294117647058824, 1.0, 0.0, 0.0, 1.0, 1.0, 0.6039215686274509, 0.0, 0.0, 0.42745098039215684, 1.0, 1.0, 0.0, 0.0, 0.0, 1.0, 1.0, 0.47843137254901963, 0.0, 0.0, 0.0, 0.3411764705882353, 1.0, 0.3686274509803922, 0.23137254901960785, 1.0, 1.0, 0.0, 0.0, 0.0, 0.0, 1.0, 1.0, 0.0, 0.0, 0.0, 0.1607843137254902, 1.0, 1.0, 0.0, 0.0, 0.0, 0.0, 0.8862745098039215, 1.0, 1.0, 1.0, 0.5686274509803921, 0.0, 0.0, 0.0, 0.0, 1.0, 1.0, 0.0, 0.0, 0.0, 0.0, 0.796078431372549, 1.0, 1.0, 0.12156862745098039, 0.0, 0.0, 0.0, 0.5490196078431373, 1.0, 1.0, 0.2235294117647059, 0.0, 0.0, 0.0, 0.0, 1.0, 0.41568627450980394, 0.0, 0.0, 0.0, 0.0, 0.3176470588235294, 0.9490196078431372, 1.0, 0.8470588235294118, 0.0, 0.0, 0.0, 0.0, 0.0, 0.8392156862745098, 0.7254901960784313, 0.0, 0.0, 0.0, 1.0, 0.9764705882352941, 0.0, 0.0, 0.0, 0.0, 0.0, 0.0, 0.5450980392156862, 1.0, 1.0, 0.0, 0.0, 0.0, 0.0, 0.10980392156862745, 0.9607843137254902, 0.996078431372549, 1.0, 1.0, 1.0, 1.0, 0.0, 0.0, 0.0, 0.0, 0.0, 0.0, 0.0, 0.0, 0.792156862745098, 1.0, 1.0, 0.5647058823529412, 0.047058823529411764, 0.5725490196078431, 0.9686274509803922, 1.0, 1.0, 1.0, 1.0, 1.0, 0.0, 0.0, 0.0, 0.0, 0.0, 0.0, 0.0, 0.0, 0.0, 0.0, 1.0, 1.0, 1.0, 1.0, 1.0, 1.0, 1.0, 1.0, 1.0, 0.3411764705882353, 0.0, 0.0, 0.0, 0.0, 0.0, 0.0, 0.0, 0.0, 0.0, 0.0, 0.0, 0.8549019607843137, 1.0, 1.0, 1.0, 1.0, 1.0, 1.0, 0.9568627450980393, 0.3137254901960784, 0.0, 0.0, 0.0, 0.0, 0.0, 0.0, 0.0, 0.0, 0.0, 0.0, 0.0, 0.0, 0.06666666666666667, 0.2196078431372549, 0.4392156862745098, 0.6274509803921569, 0.6941176470588235, 0.615686274509804, 0.4823529411764706, 0.34509803921568627, 0.19215686274509805, 0.0, 0.0, 0.0, 0.0, 0.0, 0.0, 0.0, 0.0, 0.0, 0.0, 0.0, 0.0, 0.0, 0.050980392156862744, 0.16470588235294117, 0.28627450980392155, 0.403921568627451, 0.40784313725490196, 0.3568627450980392, 0.25098039215686274, 0.10196078431372549, 0.0, 0.0, 0.0, 0.0, 0.0, 0.0, 0.0, 0.0, 0.0, 0.0, 0.0, 0.0, 0.0, 0.0, 0.0, 0.0, 0.0, 0.00392156862745098, 0.0, 0.0, 0.0, 0.0, 0.0, 0.0, 0.0, 0.0, 0.0]}, "name": "Tetralapillium metamorpha", "mono": true}