{"worldSize": 128, "R": 18.0, "T": 10.0, "numKernels": 1, "betaLen": [3], "beta0": [0.25], "beta1": [0.16666666666666666], "beta2": [1.0], "mu": [0.25], "sigma": [0.033], "eta": [1.0], "relR": [1.0], "src": [0], "dst": [0], "init": {"type": "seed", "size": [32, 31, 1], "cells": [0.0, 0.0, 0.0, 0.0, 0.0, 0.0, 0.0, 0.0, 0.0, 0.0, 0.0, 0.0, 0.0, 0.0, 0.25882352941176473, 0.5764705882352941, 0.5686274509803921, 0.0, 0.0, 0.0, 0.0, 0.0, 0.0, 0.0, 0.0, 0.0, 0.0, 0.0, 0.0, 0.0, 0.0, 0.0, 0.0, 0.0, 0.0, 0.0, 0.0, 0.0, 0.0, 0.0, 0.0, 0.0, 0.1568627450980392, 0.9490196078431372, 1.0, 1.0, 1.0, 1.0, 1.0, 0.0, 0.0, 0.0, 0.0, 0.0, 0.0, 0.0, 0.0, 0.0, 0.0, 0.0, 0.0, 0.0, 0.0, 0.0, 0.0, 0.0, 0.0, 0.0, 0.0, 0.0, 0.0, 0.0, 0.0, 1.0, 1.0, 1.0, 1.0, 1.0, 1.0, 1.0, 1.0, 0.0, 0.0, 0.0, 0.0, 0.0, 0.0, 0.0, 0.0, 0.0, 0.0, 0.0, 0.0, 0.0, 0.0, 0.0, 0.0, 0.0, 0.0, 0.0, 0.0, 0.0, 0.0, 1.0, 1.0, 1.0, 0.7294117647058823, 0.17647058823529413, 1.0, 1.0, 1.0, 1.0, 0.027450980392156862, 0.0, 0.0, 0.0, 0.0, 0.0, 0.0, 0.0, 0.0, 0.0, 0.0, 0.0, 0.0, 0.0, 0.0, 0.0, 0.0, 0.0, 0.0, 0.0, 0.0, 0.0, 1.0, 1.0, 1.0, 0.0, 0.0, 0.0, 1.0, 1.0, 1.0, 0.6078431372549019, 0.0, 0.0, 0.0, 0.0, 0.0, 0.0, 0.0, 0.0, 0.0, 0.0, 0.0, 0.0, 0.0, 0.0, 0.0, 0.0, 0.0, 0.0, 0.0, 0.0, 0.0, 1.0, 1.0, 1.0, 1.0, 0.13725490196078433, 1.0, 1.0, 1.0, 0.8274509803921568, 0.4588235294117647, 0.38823529411764707, 0.0392156862745098, 0.0, 0.0, 0.0, 0.0, 0.0, 0.0, 0.0, 0.0, 0.0, 0.0, 0.0, 0.0, 0.0, 0.0, 0.0, 0.0, 0.0, 0.0, 0.0, 0.0, 0.08627450980392157, 1.0, 1.0, 1.0, 1.0, 1.0, 1.0, 0.8392156862745098, 0.08627450980392157, 0.2784313725490196, 0.26666666666666666, 0.12941176470588237, 0.00784313725490196, 0.0, 0.00784313725490196, 0.0, 0.0, 0.0, 0.0, 0.0, 0.0, 0.0, 0.0, 0.0, 0.0, 0.0, 0.0, 0.0, 0.0, 0.0, 0.0, 0.0, 1.0, 1.0, 1.0, 1.0, 1.0, 1.0, 1.0, 1.0, 1.0, 0.0, 0.0, 0.2196078431372549, 1.0, 1.0, 1.0, 1.0, 0.5568627450980392, 0.0, 0.0, 0.0, 0.0, 0.0, 0.0, 0.0, 0.0, 0.0, 0.0, 0.0, 0.06666666666666667, 1.0, 1.0, 1.0, 1.0, 0.47843137254901963, 0.0, 0.0, 0.18823529411764706, 0.9882352941176471, 1.0, 1.0, 0.9686274509803922, 0.0, 0.0, 1.0, 1.0, 1.0, 1.0, 1.0, 0.4196078431372549, 0.0, 0.0, 0.0, 0.027450980392156862, 1.0, 1.0, 1.0, 1.0, 0.0, 0.0, 1.0, 1.0, 0.47843137254901963, 0.0, 0.0, 0.0, 0.0, 0.0, 0.0, 0.0, 0.0, 1.0, 1.0, 0.6078431372549019, 0.6, 1.0, 1.0, 1.0, 1.0, 1.0, 0.7490196078431373, 0.4392156862745098, 0.0, 0.0, 1.0, 1.0, 1.0, 1.0, 1.0, 0.0, 1.0, 1.0, 0.0, 0.0, 0.0, 0.0, 0.027450980392156862, 1.0, 1.0, 0.30980392156862746, 0.0, 0.0, 0.0, 1.0, 1.0, 1.0, 1.0, 1.0, 1.0, 1.0, 1.0, 1.0, 0.17647058823529413, 0.0, 0.24705882352941178, 1.0, 1.0, 0.7098039215686275, 1.0, 1.0, 1.0, 1.0, 1.0, 0.0, 0.0, 0.0, 0.3686274509803922, 1.0, 1.0, 1.0, 1.0, 0.6392156862745098, 0.0, 0.0, 0.0, 1.0, 1.0, 1.0, 0.7098039215686275, 0.0, 1.0, 1.0, 1.0, 0.5372549019607843, 0.08627450980392157, 0.6470588235294118, 1.0, 1.0, 0.0, 0.0, 1.0, 1.0, 1.0, 0.0, 0.0, 0.0, 0.4588235294117647, 0.9686274509803922, 1.0, 1.0, 1.0, 1.0, 1.0, 0.9882352941176471, 0.0, 0.0, 0.0, 1.0, 1.0, 1.0, 0.6470588235294118, 0.8392156862745098, 1.0, 1.0, 0.9568627450980393, 0.17647058823529413, 0.9372549019607843, 1.0, 1.0, 0.0, 0.08627450980392157, 1.0, 1.0, 1.0, 0.0, 0.0, 0.9686274509803922, 1.0, 1.0, 1.0, 0.3686274509803922, 0.1568627450980392, 0.25882352941176473, 1.0, 1.0, 0.8470588235294118, 0.0, 0.0, 1.0, 1.0, 1.0, 1.0, 1.0, 1.0, 1.0, 1.0, 0.0, 1.0, 1.0, 1.0, 0.6862745098039216, 1.0, 1.0, 1.0, 0.0, 0.0, 0.08627450980392157, 1.0, 1.0, 1.0, 0.00784313725490196, 0.0, 0.0, 0.0, 0.9882352941176471, 1.0, 0.9568627450980393, 0.0, 0.0, 1.0, 1.0, 0.2980392156862745, 1.0, 1.0, 1.0, 1.0, 0.0392156862745098, 0.0, 1.0, 1.0, 1.0, 1.0, 1.0, 1.0, 1.0, 0.0, 0.0, 1.0, 1.0, 1.0, 1.0, 0.0, 0.0, 0.0, 0.0, 0.24705882352941178, 0.9098039215686274, 0.7098039215686275, 0.0, 0.0, 1.0, 1.0, 0.0, 0.0, 0.17647058823529413, 0.08627450980392157, 0.0, 0.0, 0.0, 0.2196078431372549, 1.0, 1.0, 1.0, 1.0, 1.0, 1.0, 0.6274509803921569, 0.0, 0.8784313725490196, 1.0, 1.0, 0.2980392156862745, 0.0, 0.0, 0.0, 0.0, 0.9372549019607843, 0.9098039215686274, 0.5098039215686274, 0.0, 0.0, 1.0, 1.0, 0.0, 0.0, 0.0, 0.0, 0.0, 0.0, 0.0, 0.0, 0.11764705882352941, 1.0, 1.0, 0.6784313725490196, 0.9098039215686274, 1.0, 0.9882352941176471, 0.0, 0.12941176470588237, 1.0, 1.0, 0.9686274509803922, 0.0, 0.0, 0.0, 1.0, 1.0, 1.0, 0.24705882352941178, 0.0, 0.0, 1.0, 1.0, 0.4666666666666667, 0.0, 0.0, 0.0, 0.0, 0.0, 0.0, 0.0, 0.0, 0.0, 0.4392156862745098, 0.8980392156862745, 0.8784313725490196, 1.0, 1.0, 0.0, 0.0, 0.3764705882352941, 1.0, 1.0, 1.0, 0.9490196078431372, 1.0, 1.0, 1.0, 1.0, 0.0, 0.0, 0.0, 1.0, 1.0, 0.4980392156862745, 0.0392156862745098, 0.0, 0.0, 0.0, 0.0, 0.0, 0.0, 0.0, 0.0, 0.0, 0.6274509803921569, 0.9568627450980393, 1.0, 1.0, 1.0, 0.0, 0.0, 0.6666666666666666, 1.0, 1.0, 0.9882352941176471, 1.0, 1.0, 1.0, 1.0, 0.0, 0.0, 1.0, 1.0, 1.0, 0.4392156862745098, 0.20784313725490197, 0.0, 0.0, 0.0, 0.0, 0.0, 0.0, 0.0, 0.0, 0.0, 0.0, 0.22745098039215686, 0.0, 1.0, 1.0, 0.9568627450980393, 0.0, 0.0, 0.0, 0.9294117647058824, 0.9098039215686274, 0.9098039215686274, 0.9764705882352941, 0.7490196078431373, 0.0, 0.0, 0.9490196078431372, 1.0, 1.0, 0.8274509803921568, 1.0, 1.0, 0.0, 0.0, 0.0, 0.0, 0.0, 0.0, 0.0, 0.0, 0.0, 0.0, 0.00784313725490196, 0.0, 0.0, 1.0, 1.0, 0.18823529411764706, 0.0, 0.0, 0.0, 0.0, 0.0, 0.0, 0.0, 0.0, 0.33725490196078434, 1.0, 1.0, 1.0, 1.0, 1.0, 1.0, 0.0, 0.0, 0.0, 0.0, 0.0, 0.0, 0.0, 0.0, 0.0, 0.0, 0.0, 0.0, 0.0, 1.0, 1.0, 1.0, 0.8980392156862745, 0.17647058823529413, 0.0, 0.0, 0.0, 0.0, 0.0, 0.9568627450980393, 1.0, 1.0, 1.0, 1.0, 1.0, 1.0, 1.0, 0.8666666666666667, 0.0, 0.0, 0.0, 0.0, 0.0, 0.0, 0.0, 0.0, 0.0, 0.9372549019607843, 1.0, 1.0, 1.0, 1.0, 1.0, 1.0, 1.0, 1.0, 1.0, 1.0, 1.0, 1.0, 1.0, 1.0, 1.0, 1.0, 0.0, 0.0, 1.0, 1.0, 1.0, 0.0, 0.0, 0.0, 0.0, 0.0, 0.0, 0.0, 0.0, 0.0, 1.0, 1.0, 1.0, 1.0, 0.6274509803921569, 1.0, 1.0, 1.0, 0.30980392156862746, 1.0, 1.0, 1.0, 1.0, 1.0, 1.0, 1.0, 0.0, 0.0, 0.0, 1.0, 1.0, 1.0, 0.0, 0.0, 0.0, 0.0, 0.0, 0.0, 0.0, 0.0, 0.6, 1.0, 1.0, 1.0, 0.8274509803921568, 0.0, 0.6078431372549019, 1.0, 1.0, 0.0, 0.0, 0.058823529411764705, 0.6, 0.8980392156862745, 1.0, 1.0, 1.0, 0.0, 0.22745098039215686, 1.0, 1.0, 1.0, 0.9882352941176471, 0.0, 0.0, 0.0, 0.0, 0.0, 0.0, 0.0, 0.0, 0.33725490196078434, 1.0, 1.0, 1.0, 1.0, 0.9686274509803922, 0.7294117647058823, 1.0, 1.0, 0.0, 0.0, 0.0, 0.027450980392156862, 0.788235294117647, 1.0, 1.0, 1.0, 1.0, 1.0, 1.0, 1.0, 1.0, 0.5176470588235295, 0.0, 0.0, 0.0, 0.0, 0.0, 0.0, 0.0, 0.0, 0.0, 0.5568627450980392, 1.0, 1.0, 1.0, 1.0, 1.0, 1.0, 1.0, 0.12941176470588237, 0.0, 0.0, 0.0, 0.0, 0.1568627450980392, 1.0, 1.0, 1.0, 1.0, 1.0, 1.0, 1.0, 0.8, 0.0, 0.0, 0.0, 0.0, 0.0, 0.0, 0.0, 0.0, 0.0, 0.0, 0.23921568627450981, 0.7490196078431373, 1.0, 1.0, 1.0, 1.0, 1.0, 0.0, 0.0, 0.0, 0.0, 0.0, 0.0, 0.0, 0.0, 0.7098039215686275, 0.9568627450980393, 0.34901960784313724, 0.5882352941176471, 0.9372549019607843, 0.28627450980392155, 0.0, 0.0, 0.0, 0.0, 0.0, 0.0, 0.0, 0.0, 0.0, 0.0, 0.13725490196078433, 0.17647058823529413, 0.38823529411764707, 1.0, 1.0, 1.0, 0.08627450980392157, 0.0, 0.0, 0.0, 0.0, 0.0, 0.0, 0.0, 0.0, 0.0, 0.0, 0.0, 0.0, 0.0, 0.0, 0.0, 0.0, 0.0, 0.0, 0.0, 0.0, 0.0, 0.0, 0.0, 0.0, 0.0, 0.0, 0.0, 0.0, 0.12941176470588237, 0.2, 0.0, 0.0, 0.0, 0.0, 0.0, 0.0, 0.0, 0.0, 0.0, 0.0, 0.0, 0.0, 0.0, 0.0, 0.0, 0.0, 0.0, 0.0, 0.0, 0.0, 0.0, 0.0, 0.0, 0.0, 0.0, 0.0, 0.0, 0.0, 0.0, 0.0, 0.027450980392156862, 0.0, 0.0, 0.0, 0.0, 0.0, 0.0, 0.0, 0.0, 0.0, 0.0, 0.0, 0.0, 0.0, 0.0, 0.0, 0.0, 0.0, 0.0]}, "name": "Asterium incarceratus (3)", "mono": true}