{"worldSize": 128, "R": 27.0, "T": 10.0, "numKernels": 1, "betaLen": [3], "beta0": [0.5], "beta1": [0.9166666666666666], "beta2": [1.0], "mu": [0.24], "sigma": [0.034], "eta": [1.0], "relR": [1.0], "src": [0], "dst": [0], "init": {"type": "seed", "size": [40, 38, 1], "cells": [0.0, 0.0, 0.0, 0.0, 0.0, 0.0, 0.0, 0.0, 0.0, 0.0, 0.0, 0.0, 0.0, 0.0, 0.0, 0.0, 0.0, 0.0, 0.0, 0.0, 0.0, 0.0, 0.0, 0.0, 0.0, 0.00784313725490196, 0.043137254901960784, 0.01568627450980392, 0.0, 0.0, 0.0, 0.0, 0.0, 0.0, 0.0, 0.0, 0.0, 0.0, 0.0, 0.0, 0.0, 0.0, 0.0, 0.0, 0.0, 0.0, 0.0, 0.0, 0.0, 0.0, 0.0, 0.0, 0.0, 0.0, 0.0, 0.0, 0.0, 0.0, 0.0, 0.0, 0.0, 0.023529411764705882, 0.11764705882352941, 0.16470588235294117, 0.14901960784313725, 0.07058823529411765, 0.0, 0.0, 0.0, 0.0, 0.0, 0.0, 0.0, 0.0, 0.0, 0.0, 0.0, 0.0, 0.0, 0.0, 0.0, 0.0, 0.0, 0.0, 0.0, 0.0, 0.0, 0.0, 0.2235294117647059, 0.5490196078431373, 0.592156862745098, 0.4235294117647059, 0.3411764705882353, 0.24313725490196078, 0.17254901960784313, 0.14901960784313725, 0.17647058823529413, 0.24313725490196078, 0.3333333333333333, 0.4117647058823529, 0.4549019607843137, 0.43137254901960786, 0.3333333333333333, 0.16470588235294117, 0.0, 0.0, 0.0, 0.0, 0.0, 0.0, 0.0, 0.0, 0.0, 0.0, 0.0, 0.0, 0.0, 0.0, 0.0, 0.0, 0.0, 0.0, 0.0, 0.0, 0.0, 0.45098039215686275, 1.0, 1.0, 1.0, 1.0, 0.9647058823529412, 0.7764705882352941, 0.7058823529411765, 0.6784313725490196, 0.6980392156862745, 0.7568627450980392, 0.9607843137254902, 1.0, 1.0, 1.0, 0.7450980392156863, 0.3568627450980392, 0.06666666666666667, 0.0, 0.0, 0.0, 0.0, 0.0, 0.0, 0.0, 0.0, 0.0, 0.0, 0.0, 0.0, 0.0, 0.0, 0.0, 0.0, 0.0, 0.0, 0.0, 0.396078431372549, 1.0, 1.0, 1.0, 1.0, 1.0, 1.0, 1.0, 1.0, 1.0, 1.0, 1.0, 1.0, 1.0, 1.0, 1.0, 1.0, 0.6784313725490196, 0.2823529411764706, 0.0, 0.0, 0.0, 0.0, 0.0, 0.0, 0.0, 0.0, 0.0, 0.0, 0.0, 0.0, 0.0, 0.0, 0.0, 0.0, 0.0, 0.0, 0.41568627450980394, 1.0, 1.0, 1.0, 1.0, 1.0, 1.0, 1.0, 1.0, 1.0, 1.0, 1.0, 1.0, 1.0, 1.0, 1.0, 1.0, 1.0, 1.0, 0.5725490196078431, 0.17647058823529413, 0.0, 0.0, 0.0, 0.0, 0.0, 0.0, 0.0, 0.0, 0.0, 0.0, 0.0, 0.0, 0.0, 0.0, 0.0, 0.11372549019607843, 0.4823529411764706, 0.9215686274509803, 1.0, 1.0, 1.0, 1.0, 1.0, 1.0, 1.0, 1.0, 1.0, 1.0, 1.0, 1.0, 1.0, 1.0, 1.0, 1.0, 1.0, 1.0, 1.0, 0.48627450980392156, 0.10980392156862745, 0.0, 0.0, 0.0, 0.0, 0.0, 0.0, 0.0, 0.0, 0.0, 0.0, 0.0, 0.0, 0.023529411764705882, 0.37254901960784315, 0.6313725490196078, 0.9568627450980393, 1.0, 1.0, 1.0, 1.0, 1.0, 1.0, 1.0, 1.0, 1.0, 1.0, 1.0, 1.0, 1.0, 1.0, 1.0, 1.0, 1.0, 1.0, 1.0, 1.0, 0.8352941176470589, 0.4627450980392157, 0.12941176470588237, 0.0, 0.0, 0.0, 0.0, 0.0, 0.0, 0.0, 0.0, 0.0, 0.0, 0.28627450980392155, 0.6627450980392157, 0.9803921568627451, 1.0, 1.0, 1.0, 1.0, 1.0, 1.0, 1.0, 1.0, 1.0, 1.0, 1.0, 1.0, 1.0, 1.0, 1.0, 1.0, 1.0, 1.0, 1.0, 1.0, 1.0, 1.0, 1.0, 0.9215686274509803, 0.5411764705882353, 0.2549019607843137, 0.0, 0.0, 0.0, 0.0, 0.0, 0.0, 0.0, 0.0, 0.3764705882352941, 1.0, 1.0, 1.0, 1.0, 1.0, 1.0, 1.0, 1.0, 1.0, 1.0, 1.0, 1.0, 1.0, 1.0, 1.0, 1.0, 1.0, 1.0, 1.0, 1.0, 1.0, 1.0, 1.0, 1.0, 1.0, 1.0, 1.0, 1.0, 0.7843137254901961, 0.43137254901960786, 0.13725490196078433, 0.0, 0.0, 0.0, 0.0, 0.0, 0.17254901960784313, 0.9647058823529412, 1.0, 1.0, 1.0, 1.0, 1.0, 1.0, 1.0, 1.0, 1.0, 1.0, 1.0, 1.0, 1.0, 0.9372549019607843, 0.8235294117647058, 0.792156862745098, 0.8588235294117647, 1.0, 1.0, 1.0, 1.0, 1.0, 1.0, 1.0, 1.0, 1.0, 1.0, 1.0, 1.0, 1.0, 0.7803921568627451, 0.23137254901960785, 0.0, 0.0, 0.0, 0.0, 0.5019607843137255, 1.0, 1.0, 1.0, 1.0, 1.0, 1.0, 1.0, 1.0, 1.0, 1.0, 0.9882352941176471, 0.7058823529411765, 0.47843137254901963, 0.2980392156862745, 0.2, 0.16470588235294117, 0.16470588235294117, 0.20784313725490197, 0.3333333333333333, 0.5647058823529412, 0.8627450980392157, 1.0, 1.0, 1.0, 1.0, 1.0, 1.0, 1.0, 1.0, 1.0, 1.0, 1.0, 0.7372549019607844, 0.0, 0.0, 0.0, 0.0, 0.6588235294117647, 1.0, 1.0, 1.0, 1.0, 1.0, 1.0, 1.0, 1.0, 1.0, 0.6431372549019608, 0.20392156862745098, 0.0, 0.0, 0.0, 0.0, 0.0, 0.0, 0.0, 0.0, 0.027450980392156862, 0.23529411764705882, 0.5607843137254902, 0.9568627450980393, 1.0, 1.0, 1.0, 1.0, 1.0, 1.0, 1.0, 1.0, 1.0, 1.0, 0.13333333333333333, 0.0, 0.0, 0.00392156862745098, 0.8392156862745098, 1.0, 1.0, 1.0, 1.0, 1.0, 1.0, 1.0, 1.0, 0.40784313725490196, 0.0, 0.0, 0.0, 0.0, 0.0, 0.0, 0.0, 0.0, 0.0, 0.0, 0.0, 0.0, 0.10980392156862745, 0.4392156862745098, 0.9372549019607843, 1.0, 1.0, 1.0, 1.0, 1.0, 1.0, 1.0, 1.0, 1.0, 0.2196078431372549, 0.0, 0.0, 0.054901960784313725, 0.8666666666666667, 0.9921568627450981, 1.0, 1.0, 1.0, 1.0, 1.0, 1.0, 0.3607843137254902, 0.0, 0.0, 0.0, 0.0, 0.0, 0.0, 0.0, 0.0784313725490196, 0.0784313725490196, 0.0, 0.0, 0.0, 0.0, 0.0, 0.06666666666666667, 0.4627450980392157, 1.0, 1.0, 1.0, 1.0, 1.0, 1.0, 1.0, 1.0, 1.0, 0.2823529411764706, 0.0, 0.0, 0.09411764705882353, 0.8313725490196079, 0.9607843137254902, 0.9921568627450981, 1.0, 1.0, 1.0, 1.0, 0.5764705882352941, 0.0, 0.0, 0.0, 0.0, 0.0, 0.18823529411764706, 0.6313725490196078, 0.9098039215686274, 1.0, 1.0, 0.792156862745098, 0.45098039215686275, 0.0784313725490196, 0.0, 0.0, 0.0, 0.06274509803921569, 0.6431372549019608, 1.0, 1.0, 1.0, 1.0, 1.0, 1.0, 1.0, 1.0, 0.3254901960784314, 0.0, 0.0, 0.14901960784313725, 0.9137254901960784, 0.9333333333333333, 0.9882352941176471, 1.0, 1.0, 1.0, 0.8901960784313725, 0.0, 0.0, 0.0, 0.0, 0.0, 0.4235294117647059, 0.8784313725490196, 1.0, 1.0, 1.0, 1.0, 1.0, 1.0, 0.8784313725490196, 0.19607843137254902, 0.0, 0.0, 0.0, 0.21176470588235294, 0.9529411764705882, 1.0, 1.0, 1.0, 1.0, 1.0, 1.0, 0.9647058823529412, 0.3764705882352941, 0.0, 0.0, 0.22745098039215686, 0.9137254901960784, 0.9294117647058824, 1.0, 1.0, 1.0, 1.0, 0.0, 0.0, 0.0, 0.0, 0.0, 0.21568627450980393, 0.8274509803921568, 0.996078431372549, 1.0, 1.0, 1.0, 1.0, 1.0, 1.0, 1.0, 0.7843137254901961, 0.0, 0.0, 0.0, 0.0, 0.5647058823529412, 1.0, 1.0, 1.0, 1.0, 1.0, 1.0, 0.9568627450980393, 0.47843137254901963, 0.0, 0.0, 0.596078431372549, 0.9294117647058824, 0.9490196078431372, 1.0, 1.0, 1.0, 0.8941176470588236, 0.0, 0.0, 0.0, 0.0, 0.0, 0.788235294117647, 0.9098039215686274, 0.9490196078431372, 0.9450980392156862, 0.9294117647058824, 0.8196078431372549, 0.9607843137254902, 1.0, 1.0, 1.0, 1.0, 0.3411764705882353, 0.0, 0.0, 0.0, 0.2, 1.0, 1.0, 1.0, 1.0, 1.0, 1.0, 1.0, 0.6235294117647059, 0.0, 0.16862745098039217, 0.9607843137254902, 0.9568627450980393, 0.9764705882352941, 1.0, 1.0, 1.0, 0.5411764705882353, 0.0, 0.0, 0.0, 0.0, 0.3215686274509804, 0.8745098039215686, 0.8705882352941177, 0.7215686274509804, 0.32941176470588235, 0.0, 0.0, 0.0, 0.5019607843137255, 1.0, 1.0, 1.0, 0.8156862745098039, 0.0, 0.0, 0.0, 0.0, 0.9019607843137255, 1.0, 1.0, 1.0, 1.0, 1.0, 1.0, 0.803921568627451, 0.14901960784313725, 0.3607843137254902, 0.984313725490196, 0.9764705882352941, 0.9921568627450981, 1.0, 1.0, 1.0, 0.058823529411764705, 0.0, 0.0, 0.0, 0.0, 0.4627450980392157, 0.8627450980392157, 0.7490196078431373, 0.03529411764705882, 0.0, 0.0, 0.0, 0.0, 0.0, 0.8509803921568627, 1.0, 1.0, 0.8431372549019608, 0.0, 0.0, 0.0, 0.0, 0.803921568627451, 1.0, 1.0, 1.0, 1.0, 1.0, 1.0, 1.0, 0.39215686274509803, 0.9764705882352941, 0.996078431372549, 0.984313725490196, 0.9921568627450981, 1.0, 1.0, 1.0, 0.0, 0.0, 0.0, 0.0, 0.0, 0.4196078431372549, 0.7490196078431373, 0.2549019607843137, 0.0, 0.0, 0.0, 0.0, 0.0, 0.0, 0.49411764705882355, 0.9529411764705882, 0.9921568627450981, 0.792156862745098, 0.0, 0.0, 0.0, 0.0, 0.7843137254901961, 1.0, 1.0, 1.0, 1.0, 1.0, 1.0, 1.0, 0.615686274509804, 0.9803921568627451, 0.9921568627450981, 0.9803921568627451, 0.9882352941176471, 1.0, 1.0, 1.0, 0.0, 0.0, 0.0, 0.0, 0.0, 0.33725490196078434, 0.6196078431372549, 0.027450980392156862, 0.0, 0.0, 0.0, 0.0, 0.0, 0.0, 0.1803921568627451, 0.8588235294117647, 0.9333333333333333, 0.7529411764705882, 0.0, 0.0, 0.0, 0.0, 0.8117647058823529, 1.0, 1.0, 1.0, 1.0, 1.0, 1.0, 1.0, 0.9019607843137255, 0.7215686274509804, 0.984313725490196, 0.9607843137254902, 0.9607843137254902, 1.0, 1.0, 1.0, 0.00784313725490196, 0.0, 0.0, 0.0, 