{"worldSize": 128, "R": 9.0, "T": 2.0, "numKernels": 15, "betaLen": [1, 1, 1, 2, 1, 2, 1, 1, 1, 1, 1, 2, 1, 1, 2], "beta0": [1, 1, 1, 0.08333333333333333, 1, 0.8333333333333334, 1, 1, 1, 1, 1, 1, 1, 1, 1], "beta1": [0, 0, 0, 1, 0, 1, 0, 0, 0, 0, 0, 0.9166666666666666, 1, 0, 0], "beta2": [0, 0, 0, 0, 0, 0, 0, 0, 0, 0, 0, 0, 0, 0, 0], "mu": [0.118, 0.174, 0.244, 0.114, 0.374, 0.222, 0.306, 0.449, 0.498, 0.295, 0.43, 0.353, 0.238, 0.39, 0.1], "sigma": [0.0639, 0.159, 0.0287, 0.0469, 0.0822, 0.0294, 0.0775, 0.124, 0.1836, 0.1373, 0.0999, 0.0954, 0.0995, 0.1114, 0.0601], "eta": [0.125, 0.462, 0.496, 0.27, 0.518, 0.576, 0.324, 0.306, 0.8, 0.374, 0.33, 0.528, 0.498, 0.43, 0.26], "relR": [0.85, 0.61, 0.5, 0.81, 0.85, 0.93, 0.88, 0.74, 0.97, 0.92, 0.56, 0.56, 0.95, 0.59, 0.58], "src": [0, 0, 0, 1, 1, 1, 2, 2, 2, 0, 0, 1, 1, 2, 2], "dst": [0, 0, 0, 1, 1, 1, 2, 2, 2, 1, 2, 0, 2, 0, 1], "init": {"type": "random", "baseNoise": 0.11, "randomScale": 1.0}, "name": "ciliates"}