{"worldSize": 128, "R": 9.0, "T": 2.0, "numKernels": 15, "betaLen": [3, 2, 1, 3, 2, 1, 3, 2, 1, 2, 1, 1, 2, 2, 1], "beta0": [1, 0.6666666666666666, 1, 1, 0.4166666666666667, 1, 1, 0.16666666666666666, 1, 0.16666666666666666, 1, 1, 0.5833333333333334, 0.25, 1], "beta1": [0.25, 1, 0, 0.08333333333333333, 1, 0, 0.08333333333333333, 1, 0, 1, 0, 0, 1, 1, 0], "beta2": [0.9166666666666666, 0, 0, 0.6666666666666666, 0, 0, 0.5833333333333334, 0, 0, 0, 0, 0, 0, 0, 0], "mu": [0.151, 0.217, 0.249, 0.358, 0.243, 0.463, 0.145, 0.181, 0.31, 0.116, 0.326, 0.68, 0.276, 0.242, 0.119], "sigma": [0.0176, 0.0693, 0.0606, 0.025, 0.0752, 0.112, 0.01, 0.0844, 0.0847, 0.0602, 0.087, 0.1145, 0.0671, 0.035, 0.0922], "eta": [0.2, 0.2, 0.2, 0.2, 0.2, 0.2, 0.2, 0.2, 0.2, 0.2, 0.2, 0.2, 0.2, 0.2, 0.65], "relR": [1, 1, 1, 1, 1, 1, 1, 1, 1, 1, 1, 1, 1, 1, 1], "src": [0, 0, 0, 1, 1, 1, 2, 2, 2, 0, 0, 1, 1, 2, 2], "dst": [0, 0, 0, 1, 1, 1, 2, 2, 2, 1, 2, 0, 2, 0, 1], "init": {"type": "random", "baseNoise": 0.19, "randomScale": 1.0}, "name": "cloud dense"}