{"worldSize": 128, "R": 9.0, "T": 2.0, "numKernels": 15, "betaLen": [1, 1, 2, 2, 1, 2, 1, 1, 1, 2, 2, 1, 1, 2, 1], "beta0": [1, 1, 1, 0, 1, 0.8333333333333334, 1, 1, 1, 0.9166666666666666, 0.75, 1, 1, 0.16666666666666666, 1], "beta1": [0, 0, 0.25, 1, 0, 1, 0, 0, 0, 1, 1, 0, 0, 1, 0], "beta2": [0, 0, 0, 0, 0, 0, 0, 0, 0, 0, 0, 0, 0, 0, 0], "mu": [0.204, 0.359, 0.176, 0.128, 0.386, 0.229, 0.181, 0.466, 0.466, 0.37, 0.447, 0.391, 0.299, 0.398, 0.183], "sigma": [0.0574, 0.152, 0.0314, 0.0545, 0.0825, 0.0348, 0.0657, 0.1224, 0.1789, 0.1372, 0.1064, 0.0644, 0.0891, 0.1065, 0.0773], "eta": [0.116, 0.448, 0.332, 0.392, 0.398, 0.614, 0.448, 0.224, 0.624, 0.352, 0.342, 0.634, 0.362, 0.472, 0.242], "relR": [0.93, 0.59, 0.58, 0.97, 0.79, 0.87, 1.0, 0.64, 0.67, 0.68, 0.5, 0.85, 0.69, 0.87, 0.66], "src": [0, 0, 0, 1, 1, 1, 2, 2, 2, 0, 0, 1, 1, 2, 2], "dst": [0, 0, 0, 1, 1, 1, 2, 2, 2, 1, 2, 0, 2, 0, 1], "init": {"type": "random", "baseNoise": 0.14, "randomScale": 1.0}, "name": "courting"}