{"worldSize": 128, "R": 9.0, "T": 2.0, "numKernels": 15, "betaLen": [1, 1, 1, 2, 1, 2, 1, 1, 1, 1, 1, 3, 1, 1, 2], "beta0": [1, 1, 1, 0.08333333333333333, 1, 0.8333333333333334, 1, 1, 1, 1, 1, 1, 1, 1, 1], "beta1": [0, 0, 0, 1, 0, 1, 0, 0, 0, 0, 0, 0.9166666666666666, 0, 0, 0.08333333333333333], "beta2": [0, 0, 0, 0, 0, 0, 0, 0, 0, 0, 0, 0, 0, 0, 0], "mu": [0.168, 0.1, 0.265, 0.111, 0.327, 0.223, 0.293, 0.465, 0.606, 0.404, 0.377, 0.297, 0.319, 0.483, 0.1], "sigma": [0.062, 0.1495, 0.0488, 0.0555, 0.0763, 0.0333, 0.0724, 0.1345, 0.1807, 0.1413, 0.1136, 0.0701, 0.1038, 0.1185, 0.0571], "eta": [0.076, 0.562, 0.548, 0.306, 0.568, 0.598, 0.396, 0.298, 0.59, 0.396, 0.156, 0.426, 0.558, 0.388, 0.132], "relR": [0.58, 0.68, 0.5, 0.87, 1.0, 1.0, 0.88, 0.88, 0.86, 0.98, 0.63, 0.53, 1.0, 0.89, 0.59], "src": [0, 0, 0, 1, 1, 1, 2, 2, 2, 0, 0, 1, 1, 2, 2], "dst": [0, 0, 0, 1, 1, 1, 2, 2, 2, 1, 2, 0, 2, 0, 1], "init": {"type": "random", "baseNoise": 0.1, "randomScale": 1.0}, "name": "emitter"}