{"worldSize": 128, "R": 9.0, "T": 2.0, "numKernels": 15, "betaLen": [1, 1, 2, 2, 1, 2, 1, 1, 1, 2, 2, 2, 1, 3, 1], "beta0": [1, 1, 1, 0, 1, 0.8333333333333334, 1, 1, 1, 0.9166666666666666, 0.75, 0.9166666666666666, 1, 0.16666666666666666, 1], "beta1": [0, 0, 0.25, 1, 0, 1, 0, 0, 0, 1, 1, 1, 0, 1, 0], "beta2": [0, 0, 0, 0, 0, 0, 0, 0, 0, 0, 0, 0, 0, 0, 0], "mu": [0.282, 0.354, 0.197, 0.164, 0.406, 0.251, 0.259, 0.517, 0.455, 0.264, 0.472, 0.417, 0.208, 0.395, 0.184], "sigma": [0.0646, 0.1584, 0.0359, 0.056, 0.0738, 0.0383, 0.0665, 0.1164, 0.1806, 0.1437, 0.0939, 0.0666, 0.0815, 0.1049, 0.0748], "eta": [0.082, 0.544, 0.26, 0.294, 0.508, 0.56, 0.326, 0.21, 0.638, 0.346, 0.384, 0.748, 0.44, 0.366, 0.294], "relR": [0.85, 0.62, 0.69, 0.84, 0.82, 0.86, 1.0, 0.5, 0.78, 0.6, 0.5, 0.7, 0.67, 0.6, 0.8], "src": [0, 0, 0, 1, 1, 1, 2, 2, 2, 0, 0, 1, 1, 2, 2], "dst": [0, 0, 0, 1, 1, 1, 2, 2, 2, 1, 2, 0, 2, 0, 1], "init": {"type": "random", "baseNoise": 0.1, "randomScale": 1.0}, "name": "explosive"}