{"worldSize": 128, "R": 9.0, "T": 2.0, "numKernels": 15, "betaLen": [1, 1, 2, 2, 1, 2, 1, 1, 1, 2, 2, 2, 1, 2, 1], "beta0": [1, 1, 1, 0, 1, 0.8333333333333334, 1, 1, 1, 0.9166666666666666, 0.75, 0.9166666666666666, 1, 0.16666666666666666, 1], "beta1": [0, 0, 0.25, 1, 0, 1, 0, 0, 0, 1, 1, 1, 0, 1, 0], "beta2": [0, 0, 0, 0, 0, 0, 0, 0, 0, 0, 0, 0, 0, 0, 0], "mu": [0.272, 0.349, 0.2, 0.114, 0.447, 0.247, 0.21, 0.462, 0.446, 0.327, 0.476, 0.379, 0.262, 0.412, 0.201], "sigma": [0.0595, 0.1585, 0.0332, 0.0528, 0.0777, 0.0342, 0.0617, 0.1192, 0.1793, 0.1408, 0.0995, 0.0697, 0.0877, 0.1101, 0.0786], "eta": [0.19, 0.66, 0.39, 0.38, 0.74, 0.92, 0.59, 0.37, 0.94, 0.51, 0.77, 0.92, 0.71, 0.59, 0.41], "relR": [0.91, 0.62, 0.5, 0.97, 0.72, 0.8, 0.96, 0.56, 0.78, 0.79, 0.5, 0.72, 0.68, 0.55, 0.82], "src": [0, 0, 0, 1, 1, 1, 2, 2, 2, 0, 0, 1, 1, 2, 2], "dst": [0, 0, 0, 1, 1, 1, 2, 2, 2, 1, 2, 0, 2, 0, 1], "init": {"type": "random", "baseNoise": 0.1, "randomScale": 1.0}, "name": "fission"}