{"worldSize": 128, "R": 9.0, "T": 2.0, "numKernels": 15, "betaLen": [1, 1, 2, 2, 1, 2, 1, 1, 1, 2, 2, 2, 1, 2, 1], "beta0": [1, 1, 1, 0, 1, 0.75, 1, 1, 1, 0.9166666666666666, 0.75, 1, 1, 0.25, 1], "beta1": [0, 0, 0.25, 1, 0, 1, 0, 0, 0, 1, 1, 0.9166666666666666, 0, 1, 0], "beta2": [0, 0, 0, 0, 0, 0, 0, 0, 0, 0, 0, 0, 0, 0, 0], "mu": [0.175, 0.382, 0.231, 0.123, 0.398, 0.224, 0.193, 0.512, 0.427, 0.286, 0.508, 0.372, 0.196, 0.371, 0.246], "sigma": [0.0682, 0.1568, 0.034, 0.0484, 0.0816, 0.0376, 0.063, 0.1189, 0.1827, 0.1422, 0.1079, 0.0724, 0.0934, 0.1107, 0.0672], "eta": [0.138, 0.544, 0.326, 0.256, 0.544, 0.544, 0.442, 0.198, 0.58, 0.282, 0.396, 0.618, 0.382, 0.374, 0.376], "relR": [0.78, 0.56, 0.6, 0.84, 0.76, 0.82, 1.0, 0.68, 0.99, 0.72, 0.56, 0.65, 0.85, 0.54, 0.82], "src": [0, 0, 0, 1, 1, 1, 2, 2, 2, 0, 0, 1, 1, 2, 2], "dst": [0, 0, 0, 1, 1, 1, 2, 2, 2, 1, 2, 0, 2, 0, 1], "init": {"type": "random", "baseNoise": 0.07, "randomScale": 1.0}, "name": "reproductive"}