{"worldSize": 128, "R": 9.0, "T": 2.0, "numKernels": 15, "betaLen": [1, 1, 2, 2, 1, 2, 1, 1, 1, 2, 2, 2, 1, 2, 1], "beta0": [1, 1, 1, 0, 1, 0.8333333333333334, 1, 1, 1, 0.9166666666666666, 0.75, 1, 1, 0.16666666666666666, 1], "beta1": [0, 0, 0.25, 1, 0, 1, 0, 0, 0, 1, 1, 0.9166666666666666, 0, 1, 0], "beta2": [0, 0, 0, 0, 0, 0, 0, 0, 0, 0, 0, 0, 0, 0, 0], "mu": [0.242, 0.375, 0.194, 0.122, 0.413, 0.221, 0.192, 0.492, 0.426, 0.361, 0.464, 0.361, 0.235, 0.381, 0.216], "sigma": [0.061, 0.1553, 0.0361, 0.0531, 0.0774, 0.0365, 0.0649, 0.1219, 0.1759, 0.1381, 0.1044, 0.0686, 0.0924, 0.1118, 0.0748], "eta": [0.144, 0.506, 0.332, 0.3, 0.502, 0.58, 0.344, 0.268, 0.582, 0.326, 0.418, 0.642, 0.39, 0.378, 0.294], "relR": [0.98, 0.59, 0.5, 0.93, 0.73, 0.88, 0.93, 0.61, 0.84, 0.7, 0.57, 0.73, 0.74, 0.87, 0.72], "src": [0, 0, 0, 1, 1, 1, 2, 2, 2, 0, 0, 1, 1, 2, 2], "dst": [0, 0, 0, 1, 1, 1, 2, 2, 2, 1, 2, 0, 2, 0, 1], "init": {"type": "random", "baseNoise": 0.12, "randomScale": 1.0}, "name": "variety"}