{"worldSize": 128, "R": 9.0, "T": 2.0, "numKernels": 15, "betaLen": [1, 1, 2, 2, 1, 2, 1, 1, 1, 2, 2, 2, 1, 2, 1], "beta0": [1, 1, 1, 0, 1, 0.75, 1, 1, 1, 0.9166666666666666, 0.8333333333333334, 1, 1, 0.25, 1], "beta1": [0, 0, 0.25, 1, 0, 1, 0, 0, 0, 1, 1, 0.9166666666666666, 0, 1, 0], "beta2": [0, 0, 0, 0, 0, 0, 0, 0, 0, 0, 0, 0, 0, 0, 0], "mu": [0.272, 0.337, 0.129, 0.132, 0.429, 0.239, 0.25, 0.497, 0.486, 0.276, 0.425, 0.352, 0.21, 0.381, 0.244], "sigma": [0.0674, 0.1576, 0.0382, 0.0514, 0.0813, 0.0409, 0.0691, 0.1166, 0.1751, 0.1344, 0.1026, 0.0797, 0.0921, 0.1056, 0.0813], "eta": [0.15, 0.474, 0.342, 0.192, 0.524, 0.598, 0.426, 0.348, 0.62, 0.338, 0.314, 0.608, 0.292, 0.426, 0.346], "relR": [0.87, 0.65, 0.67, 0.98, 0.77, 0.83, 1.0, 0.7, 0.99, 0.69, 0.7, 0.57, 0.89, 0.84, 0.76], "src": [0, 0, 0, 1, 1, 1, 2, 2, 2, 0, 0, 1, 1, 2, 2], "dst": [0, 0, 0, 1, 1, 1, 2, 2, 2, 1, 2, 0, 2, 0, 1], "init": {"type": "random", "baseNoise": 0.13, "randomScale": 1.0}, "name": "zigzagging"}